repo_name,easy_file,hard_file
Altaxo/Altaxo,Altaxo/Base/Data/Extensions/SpectroscopyCommands.cs,Altaxo/Core/Calc/FitFunctions/Peaks/PearsonIVAmplitude.cs
Altaxo/Altaxo,Altaxo/Base/Science/Spectroscopy/SpectroscopyCommands.cs,Altaxo/Core/Calc/FitFunctions/Peaks/PearsonIVAmplitude.cs
Pathoschild/SMAPI,src/SMAPI/Constants.cs,src/SMAPI/Framework/ModLoading/ModResolver.cs
UnigramDev/Unigram,Unigram/Unigram/Common/TLLocator.cs,Unigram/Unigram/Controls/Drawers/StickerDrawer.xaml.cs
UnigramDev/Unigram,Unigram/Unigram/Common/TLLocator.cs,Unigram/Unigram/Controls/Cells/ChatShareCell.xaml.cs
UnigramDev/Unigram,Unigram/Unigram/Common/TLLocator.cs,Unigram/Unigram/Controls/Drawers/EmojiDrawer.xaml.cs
UnigramDev/Unigram,Unigram/Unigram/Common/TLLocator.cs,Unigram/Unigram/Controls/Drawers/AnimationDrawer.xaml.cs
UnigramDev/Unigram,Unigram/Unigram/Common/WindowContext.cs,Unigram/Unigram/Controls/FormattedTextBox.cs
UnigramDev/Unigram,Unigram/Unigram/Common/WindowContext.cs,Unigram/Unigram/Controls/Chats/ChatListView.cs
UnigramDev/Unigram,Unigram/Unigram/Common/WindowContext.cs,Unigram/Unigram/Controls/Messages/Content/VideoContent.xaml.cs
UnigramDev/Unigram,Unigram/Unigram/Common/WindowContext.cs,Unigram/Unigram/Controls/Chats/ChatRecordButton.cs
UnigramDev/Unigram,Unigram/Unigram/Common/WindowContext.cs,Unigram/Unigram/Controls/Cells/ChatCell.xaml.cs
UnigramDev/Unigram,Unigram/Unigram/Common/WindowContext.cs,Unigram/Unigram/Services/ProtoService.cs
UnigramDev/Unigram,Unigram/Unigram/Common/WindowContext.cs,Unigram/Unigram/Controls/Chats/ChatTextBox.cs
UnigramDev/Unigram,Unigram/Unigram/Common/WindowContext.cs,Unigram/Unigram/Controls/Messages/Content/PhotoContent.xaml.cs
UnigramDev/Unigram,Unigram/Unigram/Common/WindowContext.cs,Unigram/Unigram/Controls/Messages/Content/AnimationContent.xaml.cs
UnigramDev/Unigram,Unigram/Unigram/Common/WindowContext.cs,Unigram/Unigram/Views/Host/RootPage.xaml.cs
UnigramDev/Unigram,Unigram/Unigram/Common/WindowContext.cs,Unigram/Unigram/Controls/OverlayPage.cs
UnigramDev/Unigram,Unigram/Unigram/Common/WindowContext.cs,Unigram/Unigram/Controls/Gallery/GalleryView.xaml.cs
UnigramDev/Unigram,Unigram/Unigram/Common/WindowContext.cs,Unigram/Unigram/Services/NotificationsService.cs
UnigramDev/Unigram,Unigram/Unigram/Services/OptionsService.cs,Unigram/Unigram/Controls/Chats/ChatRecordButton.cs
UnigramDev/Unigram,Unigram/Unigram/Services/OptionsService.cs,Unigram/Unigram/Controls/OverlayPage.cs
UnigramDev/Unigram,Unigram/Unigram/Services/OptionsService.cs,Unigram/Unigram/Controls/Cells/ChatCell.xaml.cs
UnigramDev/Unigram,Unigram/Unigram/Services/OptionsService.cs,Unigram/Unigram/Views/Host/RootPage.xaml.cs
UnigramDev/Unigram,Unigram/Unigram/Services/OptionsService.cs,Unigram/Unigram/Services/ProtoService.cs
UnigramDev/Unigram,Unigram/Unigram/Services/OptionsService.cs,Unigram/Unigram/Controls/Chats/ChatTextBox.cs
UnigramDev/Unigram,Unigram/Unigram/Services/OptionsService.cs,Unigram/Unigram/Services/NotificationsService.cs
UnigramDev/Unigram,Unigram/Unigram/Services/OptionsService.cs,Unigram/Unigram/Controls/Chats/ChatListView.cs
UnigramDev/Unigram,Unigram/Unigram/Services/OptionsService.cs,Unigram/Unigram/Controls/Messages/Content/AnimationContent.xaml.cs
UnigramDev/Unigram,Unigram/Unigram/Services/OptionsService.cs,Unigram/Unigram/Controls/Gallery/GalleryView.xaml.cs
UnigramDev/Unigram,Unigram/Unigram/Services/OptionsService.cs,Unigram/Unigram/Controls/Messages/Content/VideoContent.xaml.cs
UnigramDev/Unigram,Unigram/Unigram/Services/OptionsService.cs,Unigram/Unigram/Controls/FormattedTextBox.cs
UnigramDev/Unigram,Unigram/Unigram/Services/OptionsService.cs,Unigram/Unigram/Controls/Messages/Content/PhotoContent.xaml.cs
UnigramDev/Unigram,Unigram/Unigram/Common/PlaceholderHelper.cs,Unigram/Unigram/Controls/Messages/Content/PhotoContent.xaml.cs
UnigramDev/Unigram,Unigram/Unigram/Common/PlaceholderHelper.cs,Unigram/Unigram/Controls/Chats/ChatRecordButton.cs
UnigramDev/Unigram,Unigram/Unigram/Common/PlaceholderHelper.cs,Unigram/Unigram/Controls/Messages/Content/VideoContent.xaml.cs
UnigramDev/Unigram,Unigram/Unigram/Common/PlaceholderHelper.cs,Unigram/Unigram/Controls/Messages/Content/AnimationContent.xaml.cs
UnigramDev/Unigram,Unigram/Unigram/Common/PlaceholderHelper.cs,Unigram/Unigram/Controls/Chats/ChatListView.cs
UnigramDev/Unigram,Unigram/Unigram/Common/PlaceholderHelper.cs,Unigram/Unigram/Controls/Chats/ChatTextBox.cs
UnigramDev/Unigram,Unigram/Unigram/Common/PlaceholderHelper.cs,Unigram/Unigram/Controls/FormattedTextBox.cs
UnigramDev/Unigram,Unigram/Unigram/Common/PlaceholderHelper.cs,Unigram/Unigram/Services/NotificationsService.cs
UnigramDev/Unigram,Unigram/Unigram/Common/PlaceholderHelper.cs,Unigram/Unigram/Controls/OverlayPage.cs
UnigramDev/Unigram,Unigram/Unigram/Common/PlaceholderHelper.cs,Unigram/Unigram/Controls/Gallery/GalleryView.xaml.cs
UnigramDev/Unigram,Unigram/Unigram/Common/PlaceholderHelper.cs,Unigram/Unigram/Services/ProtoService.cs
UnigramDev/Unigram,Unigram/Unigram/Common/PlaceholderHelper.cs,Unigram/Unigram/Views/Host/RootPage.xaml.cs
UnigramDev/Unigram,Unigram/Unigram/Common/PlaceholderHelper.cs,Unigram/Unigram/Controls/Cells/ChatCell.xaml.cs
UnigramDev/Unigram,Unigram/Unigram/Services/EventAggregator.cs,Unigram/Unigram/Controls/OverlayPage.cs
UnigramDev/Unigram,Unigram/Unigram/Services/EventAggregator.cs,Unigram/Unigram/Services/NotificationsService.cs
UnigramDev/Unigram,Unigram/Unigram/Services/EventAggregator.cs,Unigram/Unigram/Controls/Chats/ChatTextBox.cs
UnigramDev/Unigram,Unigram/Unigram/Services/EventAggregator.cs,Unigram/Unigram/Controls/Messages/Content/AnimationContent.xaml.cs
UnigramDev/Unigram,Unigram/Unigram/Services/EventAggregator.cs,Unigram/Unigram/Services/ProtoService.cs
UnigramDev/Unigram,Unigram/Unigram/Services/EventAggregator.cs,Unigram/Unigram/Controls/Chats/ChatListView.cs
UnigramDev/Unigram,Unigram/Unigram/Services/EventAggregator.cs,Unigram/Unigram/Views/Host/RootPage.xaml.cs
UnigramDev/Unigram,Unigram/Unigram/Services/EventAggregator.cs,Unigram/Unigram/Controls/FormattedTextBox.cs
UnigramDev/Unigram,Unigram/Unigram/Services/EventAggregator.cs,Unigram/Unigram/Controls/Messages/Content/VideoContent.xaml.cs
UnigramDev/Unigram,Unigram/Unigram/Services/EventAggregator.cs,Unigram/Unigram/Controls/Cells/ChatCell.xaml.cs
UnigramDev/Unigram,Unigram/Unigram/Services/EventAggregator.cs,Unigram/Unigram/Controls/Gallery/GalleryView.xaml.cs
UnigramDev/Unigram,Unigram/Unigram/Services/EventAggregator.cs,Unigram/Unigram/Controls/Messages/Content/PhotoContent.xaml.cs
UnigramDev/Unigram,Unigram/Unigram/Services/EventAggregator.cs,Unigram/Unigram/Controls/Chats/ChatRecordButton.cs
UnigramDev/Unigram,Unigram/Unigram/ViewModels/ShareViewModel.cs,Unigram/Unigram/ViewModels/DialogViewModel.Media.cs
UnigramDev/Unigram,Unigram/Unigram/ViewModels/ShareViewModel.cs,Unigram/Unigram/Controls/Messages/MessageReference.xaml.cs
UnigramDev/Unigram,Unigram/Unigram/ViewModels/ShareViewModel.cs,Unigram/Unigram/Views/SignIn/SignInSentCodePage.xaml.cs
UnigramDev/Unigram,Unigram/Unigram/ViewModels/ShareViewModel.cs,Unigram/Unigram/Controls/Messages/MessageBubble.xaml.cs
UnigramDev/Unigram,Unigram/Unigram/ViewModels/ProfileViewModel.cs,Unigram/Unigram/Controls/FormattedTextBox.cs
UnigramDev/Unigram,Unigram/Unigram/ViewModels/ProfileViewModel.cs,Unigram/Unigram/Controls/OverlayPage.cs
UnigramDev/Unigram,Unigram/Unigram/ViewModels/ProfileViewModel.cs,Unigram/Unigram/Controls/Chats/ChatListView.cs
UnigramDev/Unigram,Unigram/Unigram/ViewModels/ProfileViewModel.cs,Unigram/Unigram/Services/ProtoService.cs
UnigramDev/Unigram,Unigram/Unigram/ViewModels/ProfileViewModel.cs,Unigram/Unigram/Controls/Chats/ChatRecordButton.cs
UnigramDev/Unigram,Unigram/Unigram/ViewModels/ProfileViewModel.cs,Unigram/Unigram/Controls/Cells/ChatCell.xaml.cs
UnigramDev/Unigram,Unigram/Unigram/ViewModels/ProfileViewModel.cs,Unigram/Unigram/Controls/Messages/Content/VideoContent.xaml.cs
UnigramDev/Unigram,Unigram/Unigram/ViewModels/ProfileViewModel.cs,Unigram/Unigram/Controls/Messages/Content/AnimationContent.xaml.cs
UnigramDev/Unigram,Unigram/Unigram/ViewModels/ProfileViewModel.cs,Unigram/Unigram/Controls/Chats/ChatTextBox.cs
UnigramDev/Unigram,Unigram/Unigram/ViewModels/ProfileViewModel.cs,Unigram/Unigram/Services/NotificationsService.cs
UnigramDev/Unigram,Unigram/Unigram/ViewModels/ProfileViewModel.cs,Unigram/Unigram/Controls/Messages/Content/PhotoContent.xaml.cs
UnigramDev/Unigram,Unigram/Unigram/ViewModels/ProfileViewModel.cs,Unigram/Unigram/Views/Host/RootPage.xaml.cs
UnigramDev/Unigram,Unigram/Unigram/ViewModels/ProfileViewModel.cs,Unigram/Unigram/Controls/Gallery/GalleryView.xaml.cs
UnigramDev/Unigram,Unigram/Unigram/Views/Popups/SharePopup.xaml.cs,Unigram/Unigram/Controls/Drawers/AnimationDrawer.xaml.cs
UnigramDev/Unigram,Unigram/Unigram/Views/Popups/SharePopup.xaml.cs,Unigram/Unigram/Controls/Drawers/StickerDrawer.xaml.cs
UnigramDev/Unigram,Unigram/Unigram/Views/Popups/SharePopup.xaml.cs,Unigram/Unigram/Controls/Cells/ChatShareCell.xaml.cs
UnigramDev/Unigram,Unigram/Unigram/Views/Popups/SharePopup.xaml.cs,Unigram/Unigram/Controls/Drawers/EmojiDrawer.xaml.cs
UnigramDev/Unigram,Unigram/Unigram/Common/TLRootNavigationService.cs,Unigram/Unigram/Controls/Chats/ChatListView.cs
UnigramDev/Unigram,Unigram/Unigram/Common/TLRootNavigationService.cs,Unigram/Unigram/Controls/OverlayPage.cs
UnigramDev/Unigram,Unigram/Unigram/Common/TLRootNavigationService.cs,Unigram/Unigram/Controls/Cells/ChatCell.xaml.cs
UnigramDev/Unigram,Unigram/Unigram/Common/TLRootNavigationService.cs,Unigram/Unigram/Controls/Gallery/GalleryView.xaml.cs
UnigramDev/Unigram,Unigram/Unigram/Common/TLRootNavigationService.cs,Unigram/Unigram/Services/ProtoService.cs
UnigramDev/Unigram,Unigram/Unigram/Common/TLRootNavigationService.cs,Unigram/Unigram/Controls/Messages/Content/VideoContent.xaml.cs
UnigramDev/Unigram,Unigram/Unigram/Common/TLRootNavigationService.cs,Unigram/Unigram/Controls/Messages/Content/PhotoContent.xaml.cs
UnigramDev/Unigram,Unigram/Unigram/Common/TLRootNavigationService.cs,Unigram/Unigram/Services/NotificationsService.cs
UnigramDev/Unigram,Unigram/Unigram/Common/TLRootNavigationService.cs,Unigram/Unigram/Controls/Chats/ChatTextBox.cs
UnigramDev/Unigram,Unigram/Unigram/Common/TLRootNavigationService.cs,Unigram/Unigram/Controls/FormattedTextBox.cs
UnigramDev/Unigram,Unigram/Unigram/Common/TLRootNavigationService.cs,Unigram/Unigram/Controls/Chats/ChatRecordButton.cs
UnigramDev/Unigram,Unigram/Unigram/Common/TLRootNavigationService.cs,Unigram/Unigram/Controls/Messages/Content/AnimationContent.xaml.cs
UnigramDev/Unigram,Unigram/Unigram/Common/TLRootNavigationService.cs,Unigram/Unigram/Views/Host/RootPage.xaml.cs
UnigramDev/Unigram,Unigram/Unigram/Controls/InlineBotResultsView.xaml.cs,Unigram/Unigram/Controls/Drawers/StickerDrawer.xaml.cs
UnigramDev/Unigram,Unigram/Unigram/Controls/InlineBotResultsView.xaml.cs,Unigram/Unigram/Controls/Drawers/EmojiDrawer.xaml.cs
UnigramDev/Unigram,Unigram/Unigram/Controls/InlineBotResultsView.xaml.cs,Unigram/Unigram/Controls/Drawers/AnimationDrawer.xaml.cs
UnigramDev/Unigram,Unigram/Unigram/Controls/InlineBotResultsView.xaml.cs,Unigram/Unigram/Controls/Cells/ChatShareCell.xaml.cs
UnigramDev/Unigram,Unigram/Unigram/Views/Settings/SettingsStickersPage.xaml.cs,Unigram/Unigram/Controls/Messages/MessageReference.xaml.cs
UnigramDev/Unigram,Unigram/Unigram/Views/Settings/SettingsStickersPage.xaml.cs,Unigram/Unigram/Controls/Messages/MessageBubble.xaml.cs
UnigramDev/Unigram,Unigram/Unigram/Views/Settings/SettingsStickersPage.xaml.cs,Unigram/Unigram/ViewModels/DialogViewModel.Media.cs
UnigramDev/Unigram,Unigram/Unigram/Views/Settings/SettingsStickersPage.xaml.cs,Unigram/Unigram/Views/SignIn/SignInSentCodePage.xaml.cs
UnigramDev/Unigram,Unigram/Unigram/ViewModels/Drawers/StickerDrawerViewModel.cs,Unigram/Unigram/Controls/Drawers/StickerDrawer.xaml.cs
UnigramDev/Unigram,Unigram/Unigram/ViewModels/Drawers/StickerDrawerViewModel.cs,Unigram/Unigram/Controls/Drawers/AnimationDrawer.xaml.cs
UnigramDev/Unigram,Unigram/Unigram/ViewModels/Drawers/StickerDrawerViewModel.cs,Unigram/Unigram/Controls/Drawers/EmojiDrawer.xaml.cs
UnigramDev/Unigram,Unigram/Unigram/ViewModels/Drawers/StickerDrawerViewModel.cs,Unigram/Unigram/Controls/Cells/ChatShareCell.xaml.cs
UnigramDev/Unigram,Unigram/Unigram/Controls/Cells/Premium/PremiumFeatureCell.xaml.cs,Unigram/Unigram/Controls/Messages/CustomEmojiCanvas.cs
UnigramDev/Unigram,Unigram/Unigram/Controls/Cells/Premium/PremiumFeatureCell.xaml.cs,Unigram/Unigram/Controls/CarouselViewer.cs
UnigramDev/Unigram,Unigram/Unigram/Controls/Cells/Premium/PremiumFeatureCell.xaml.cs,Unigram/Unigram/Controls/Chats/ChatBackgroundRenderer.cs
UnigramDev/Unigram,Unigram/Unigram/Controls/Cells/Premium/PremiumFeatureCell.xaml.cs,Unigram/Unigram/Controls/Messages/MessageSelector.xaml.cs
UnigramDev/Unigram,Unigram/Unigram/Controls/Cells/Premium/PremiumFeatureCell.xaml.cs,Unigram/Unigram/Controls/AnimatedControl.cs
UnigramDev/Unigram,Unigram/Unigram/ViewModels/Settings/SettingsPrivacyAndSecurityViewModel.cs,Unigram/Unigram/Controls/Messages/MessageReference.xaml.cs
UnigramDev/Unigram,Unigram/Unigram/ViewModels/Settings/SettingsPrivacyAndSecurityViewModel.cs,Unigram/Unigram/Views/SignIn/SignInSentCodePage.xaml.cs
UnigramDev/Unigram,Unigram/Unigram/ViewModels/Settings/SettingsPrivacyAndSecurityViewModel.cs,Unigram/Unigram/Controls/Messages/MessageBubble.xaml.cs
UnigramDev/Unigram,Unigram/Unigram/ViewModels/Settings/SettingsPrivacyAndSecurityViewModel.cs,Unigram/Unigram/ViewModels/DialogViewModel.Media.cs
mpostol/OPC-UA-OOI,SemanticData/UANodeSetValidation/AddressSpace.Abstractions/IUAView.cs,SemanticData/UANodeSetValidation/XML/Conversions.cs
mpostol/OPC-UA-OOI,SemanticData/UANodeSetValidation/AddressSpace.Abstractions/IUAMethod.cs,SemanticData/UANodeSetValidation/XML/Conversions.cs
mpostol/OPC-UA-OOI,SemanticData/UANodeSetValidation/AddressSpace.Abstractions/IUADataType.cs,SemanticData/UANodeSetValidation/XML/Conversions.cs
cube-soft/Cube.Core,Libraries/Core/Sources/FileSystem/Startup.cs,Libraries/Core/Sources/Logger.cs
CypherCore/CypherCore,Source/Game/Loot/Loot.cs,Source/Game/Spells/Spell.cs
CypherCore/CypherCore,Source/Game/Loot/Loot.cs,Source/Game/Groups/Group.cs
CypherCore/CypherCore,Source/Game/Loot/Loot.cs,Source/Game/Spells/SpellManager.cs
CypherCore/CypherCore,Source/Game/Entities/Unit/Unit.Combat.cs,Source/Game/Spells/SpellManager.cs
CypherCore/CypherCore,Source/Game/Entities/Unit/Unit.Combat.cs,Source/Game/Groups/Group.cs
CypherCore/CypherCore,Source/Game/Entities/Unit/Unit.Combat.cs,Source/Game/Spells/Spell.cs
uholeschak/ediabaslib,BmwDeepObd/DeviceListActivity.cs,BmwDeepObd/EdiabasThread.cs
uholeschak/ediabaslib,BmwDeepObd/DeviceListActivity.cs,BmwDeepObd/EdiabasToolActivity.cs
MatterHackers/agg-sharp,DataConverters3D/Object3D/InteractiveScene.cs,DataConverters3D/Object3D/Object3D.cs
Serg-Norseman/GEDKeeper,projects/GKCore/GKCore/Options/TreeChartOptions.cs,projects/GKCore/GKCore/Charts/TreeChartPerson.cs
Serg-Norseman/GEDKeeper,projects/GKCore/GKCore/Options/TreeChartOptions.cs,projects/GKCore/GKCore/GKData.cs
Serg-Norseman/GEDKeeper,projects/GKCore/GKCore/Options/TreeChartOptions.cs,projects/GKCore/GKCore/Charts/TreeChartModel.cs
TheModMaker/ModMaker.Lua,ModMaker.Lua/Runtime/LuaRuntimeNet.cs,ModMaker.Lua/Runtime/LuaLibraries/LuaLibraries.Standard.cs
TheModMaker/ModMaker.Lua,ModMaker.Lua/Runtime/LuaRuntimeNet.cs,ModMaker.Lua/Compiler/ChunkBuilder.cs
TheModMaker/ModMaker.Lua,ModMaker.Lua/Runtime/LuaRuntimeNet.cs,ModMaker.Lua/Runtime/LuaLibraries/LuaLibraries.String.cs
TheModMaker/ModMaker.Lua,ModMaker.Lua/Runtime/LuaRuntimeNet.cs,ModMaker.Lua/Runtime/LuaLibraries/LuaLibraries.Coroutines.cs
TheModMaker/ModMaker.Lua,ModMaker.Lua/Runtime/LuaRuntimeNet.cs,ModMaker.Lua/Runtime/LuaLibraries/LuaLibraries.cs
TheModMaker/ModMaker.Lua,ModMaker.Lua/Runtime/LuaRuntimeNet.cs,ModMaker.Lua/Runtime/LuaLibraries/LuaLibraries.Table.cs
mysql-net/MySqlConnector,src/MySqlConnector/Utilities/Utility.cs,src/MySqlConnector/Core/ConnectionPool.cs
ethanmoffat/EndlessClient,EndlessClient/Old/OldWorld.cs,EndlessClient/Rendering/MouseCursorRenderer.cs
ethanmoffat/EndlessClient,EndlessClient/Old/OldWorld.cs,EndlessClient/Rendering/NPC/NPCRenderer.cs
ethanmoffat/EndlessClient,EndlessClient/Old/OldWorld.cs,EOLib/Domain/Character/WalkValidationActions.cs
ethanmoffat/EndlessClient,EndlessClient/Old/OldWorld.cs,EndlessClient/Rendering/Character/CharacterRenderer.cs
ethanmoffat/EndlessClient,EndlessClient/Old/OldWorld.cs,EndlessClient/Rendering/Character/CharacterAnimator.cs
ethanmoffat/EndlessClient,EndlessClient/Old/OldWorld.cs,EndlessClient/Controllers/ArrowKeyController.cs
ethanmoffat/EndlessClient,EndlessClient/Old/OldWorld.cs,EndlessClient/Rendering/Effects/EffectSpriteManager.cs
ethanmoffat/EndlessClient,EndlessClient/Old/OldWorld.cs,EndlessClient/Rendering/Map/MapRenderer.cs
ethanmoffat/EndlessClient,EndlessClient/Old/OldWorld.cs,EndlessClient/Rendering/Character/CharacterAnimationActions.cs
EamonNerbonne/ExpressionToCode,ExpressionToCodeLib/ExpressionTreeAssertion.cs,ExpressionToCodeLib/Internal/EqualityExpressions.cs
EamonNerbonne/ExpressionToCode,ExpressionToCodeLib/Internal/ObjectToCodeImpl.cs,ExpressionToCodeLib/Internal/EqualityExpressions.cs
EamonNerbonne/ExpressionToCode,ExpressionToCodeLib/Internal/ReflectionHelpers.cs,ExpressionToCodeLib/Internal/EqualityExpressions.cs
EamonNerbonne/ExpressionToCode,ExpressionToCodeLib/Internal/NullabilityHelpers.cs,ExpressionToCodeLib/Internal/EqualityExpressions.cs
EamonNerbonne/ExpressionToCode,ExpressionToCodeLib/ExpressionToCodeConfiguration.cs,ExpressionToCodeLib/Internal/EqualityExpressions.cs
EamonNerbonne/ExpressionToCode,ExpressionToCodeLib/Internal/ExpressionPrecedence.cs,ExpressionToCodeLib/Internal/EqualityExpressions.cs
EamonNerbonne/ExpressionToCode,ExpressionToCodeLib/Internal/StringifiedExpression.cs,ExpressionToCodeLib/Internal/EqualityExpressions.cs
EamonNerbonne/ExpressionToCode,ExpressionToCodeLib/Internal/ExpressionToCodeString.cs,ExpressionToCodeLib/Internal/EqualityExpressions.cs
EamonNerbonne/ExpressionToCode,ExpressionToCodeLib/Internal/ValuesOnStalksCodeAnnotator.cs,ExpressionToCodeLib/Internal/EqualityExpressions.cs
EamonNerbonne/ExpressionToCode,ExpressionToCodeLib/Internal/SubExpressionPerLineCodeAnnotator.cs,ExpressionToCodeLib/Internal/EqualityExpressions.cs
