repo_name,file,commit,is_corrective,is_refactor
0install/0install-win,src/Commands.WinForms/IntegrateAppForm.cs,0f325dc961c28ce475db20624c9b73beb00c7208,true,false
6bee/Remote.Linq,src/Remote.Linq/Expressions/RemoteLinqExpressionException.cs,35ba9e9e035f1ca9a4665c5b4ed58886c23f7241,false,true
ACEmulator/ACE,Source/ACE.Server/Entity/Tailoring.cs,a7d7cb167744b3f2670a72ee73f90d03931d949b,true,false
ACEmulator/ACE,Source/ACE.Server/WorldObjects/Player_Inventory.cs,fa42b222cd197c3cbf4d766019ea1029b0d825f5,true,false
ADAPT/ISOv4Plugin,ISOv4Plugin/ObjectModel/DeviceElementHierarchy.cs,92d9b4ba8a3c3fb35c8d59df9f273e74565947b5,true,false
Altaxo/Altaxo,Altaxo/Base.Presentation/Gui/Graph/Gdi/LayerPositionControl.xaml,113660c5cfd17b5c50ba5a11f2eb0939e59c7f3d,true,false
Altaxo/Altaxo,Altaxo/Base/Gui/Graph/Gdi/LayerPositionController.cs,113660c5cfd17b5c50ba5a11f2eb0939e59c7f3d,true,false
Altaxo/Altaxo,Altaxo/Dom.Presentation/Main/MenuCommands/PLSModelConditionEvaluator.cs,5edee916a82cfc0e24d40e48b586a6cbcf56a91c,true,false
Altaxo/Altaxo,Altaxo/Base/Main/Services/FitFunctionService.cs,8ca7154e291ddad021312e010ccb828d74bdf7ef,true,false
Altaxo/Altaxo,AddIns/OpenXML/OpenXML/Text/Renderers/OpenXML/Inlines/LiteralInlineRenderer.cs,ef0b4bbfddb197e8953ac264bf167c9b49c1a745,true,false
ArduPilot/MissionPlanner,GCSViews/FlightPlanner.cs,082190d8095c45f56e8f6e35269fc3ea9d61f3bb,true,false
ArduPilot/MissionPlanner,ExtLibs/Mavlink/MavlinkUtil.cs,a369e532f5b8493530374f9a55d37a19eca81b58,true,false
ArduPilot/MissionPlanner,Program.cs,d5d0a3da24090b4ffd969e4e498152c0ed8d66ca,true,false
Azure/azure-mobile-apps,sdk/dotnet/src/Microsoft.Datasync.Client/Authentication/GenericAuthenticationProvider.cs,577d5d21cb7d487c9a60def88c4daab553466dc5,true,false
Azure/azure-mobile-apps,sdk/dotnet/test/Microsoft.Datasync.Client.Test/Authentication/GenericAuthenticationProvider.Test.cs,577d5d21cb7d487c9a60def88c4daab553466dc5,true,false
Azure/azure-sdk-for-net,sdk/servicebus/Azure.Messaging.ServiceBus/tests/Amqp/AmqpConnectionScopeTests.cs,088aac6a4f3a1414b7ef520f72736c97e3b018fd,true,false
Azure/azure-sdk-for-net,sdk/servicebus/Azure.Messaging.ServiceBus/tests/Samples/Sample03_SendReceiveSessions.cs,088aac6a4f3a1414b7ef520f72736c97e3b018fd,true,false
Azure/azure-sdk-for-net,sdk/tables/Azure.Data.Tables/src/Queryable/ExpressionNormalizer.cs,22e0174cdba91abb8b6d741c57c624187b401359,false,true
Azure/azure-sdk-for-net,sdk/tables/Azure.Data.Tables/tests/TableClientQueryExpressionTests.cs,22e0174cdba91abb8b6d741c57c624187b401359,false,true
Azure/azure-sdk-for-net,sdk/core/Azure.Core.Amqp/src/AmqpMessageBody.cs,25b9d3cc131af494516e5d4ef43504eef409d755,false,true
Azure/azure-sdk-for-net,sdk/servicebus/Microsoft.Azure.WebJobs.Extensions.ServiceBus/src/Primitives/MessagingProvider.cs,2a66c8eb9361daf4e21494f8872dfa1721e347bc,true,false
Azure/azure-sdk-for-net,sdk/servicebus/Microsoft.Azure.WebJobs.Extensions.ServiceBus/tests/MessagingProviderTests.cs,2a66c8eb9361daf4e21494f8872dfa1721e347bc,true,false
Azure/azure-sdk-for-net,sdk/servicebus/Azure.Messaging.ServiceBus/samples/Sample06_Transactions.md,3b9710eff8715fd2d1e5ab1e84cc90615fd91181,true,false
Azure/azure-sdk-for-net,sdk/servicebus/Azure.Messaging.ServiceBus/samples/Sample07_CrudOperations.md,3b9710eff8715fd2d1e5ab1e84cc90615fd91181,true,false
Azure/azure-sdk-for-net,sdk/servicebus/Azure.Messaging.ServiceBus/samples/Sample08_Interop.md,3b9710eff8715fd2d1e5ab1e84cc90615fd91181,true,false
Azure/azure-sdk-for-net,sdk/servicebus/Azure.Messaging.ServiceBus/samples/Sample09_Extensibility.md,3b9710eff8715fd2d1e5ab1e84cc90615fd91181,true,false
Azure/azure-sdk-for-net,sdk/servicebus/Azure.Messaging.ServiceBus/samples/Sample10_ClaimCheck.md,3b9710eff8715fd2d1e5ab1e84cc90615fd91181,true,false
Azure/azure-sdk-for-net,sdk/servicebus/Azure.Messaging.ServiceBus/samples/Sample11_CloudEvents.md,3b9710eff8715fd2d1e5ab1e84cc90615fd91181,true,false
Azure/azure-sdk-for-net,sdk/servicebus/Azure.Messaging.ServiceBus/samples/Sample14_AMQPMessage.md,3b9710eff8715fd2d1e5ab1e84cc90615fd91181,true,false
Azure/azure-sdk-for-net,sdk/servicebus/Azure.Messaging.ServiceBus/tests/Samples/Sample13_AdvancedConfiguration.cs,3b9710eff8715fd2d1e5ab1e84cc90615fd91181,true,false
Azure/azure-sdk-for-net,sdk/servicebus/Azure.Messaging.ServiceBus/tests/Samples/Sample14_AMQPMessage.cs,3b9710eff8715fd2d1e5ab1e84cc90615fd91181,true,false
Azure/azure-sdk-for-net,sdk/monitor/Azure.Monitor.OpenTelemetry.Exporter/tests/Integration.Tests/TestFramework/WebApplicationTestsBase.cs,3f43833d1635d332c82cd8ec19a54e326f9a3273,true,false
Azure/azure-sdk-for-net,sdk/identity/Azure.Identity/src/AzureAuthorityHosts.cs,542a685095f3502dfff82f538282374dcd6d6822,true,false
Azure/azure-sdk-for-net,sdk/eventhub/Azure.Messaging.EventHubs/src/Amqp/AmqpProducer.cs,55ea0d724e208c570a229401defd1a3d8f859a96,true,false
Azure/azure-sdk-for-net,sdk/eventhub/Azure.Messaging.EventHubs/tests/Producer/EventHubProducerClientLiveTests.cs,55ea0d724e208c570a229401defd1a3d8f859a96,true,false
Azure/azure-sdk-for-net,sdk/eventhub/Azure.Messaging.EventHubs/tests/Snippets/MigrationGuideSnippetsLiveTests.cs,55ea0d724e208c570a229401defd1a3d8f859a96,true,false
Azure/azure-sdk-for-net,sdk/synapse/Azure.Analytics.Synapse.AccessControl/src/RoleAssignmentsClient.cs,5df1e44669a40cfbaea25463a59b070069a718f7,true,false
Azure/azure-sdk-for-net,sdk/servicebus/Azure.Messaging.ServiceBus/tests/Transactions/TransactionLiveTests.cs,71e989b182debdf3fed959452110e37ba381074b,true,false
Azure/azure-sdk-for-net,sdk/eventgrid/Microsoft.Azure.WebJobs.Extensions.EventGrid/src/EventGridExtensionConfigProvider.cs,a0cd1946b376ff6c7f5adf3c5999b4bedd2d3186,true,false
Azure/azure-sdk-for-net,sdk/eventgrid/Microsoft.Azure.WebJobs.Extensions.EventGrid/tests/JobhostEndToEnd.cs,a0cd1946b376ff6c7f5adf3c5999b4bedd2d3186,true,false
Azure/azure-sdk-for-net,sdk/eventhub/Azure.Messaging.EventHubs/src/Amqp/MessageBody.cs,a25ee97561e9b1f57fe31c9c37b594c3f45509f5,false,true
Azure/azure-sdk-for-net,sdk/mixedreality/Azure.MixedReality.Authentication/src/MixedRealityStsClient.cs,ab0d1885e018ee385f9a18e0537fcf25a61825ca,true,false
Azure/azure-sdk-for-net,sdk/webpubsub/Azure.Messaging.WebPubSub/src/WebPubSubServiceClient_helpers.cs,e2db8629032300124e64b53de44cdf8329f1d9df,true,false
Azure/azure-sdk-for-net,sdk/webpubsub/Azure.Messaging.WebPubSub/tests/WebPubSubGenerateUriTests.cs,e2db8629032300124e64b53de44cdf8329f1d9df,true,false
Azure/azure-sdk-for-net,sdk/communication/Azure.Communication.Common/src/CommunicationIdentifier.cs,e4d10c38a63961a4a9e7660eba2086669be6be3a,true,false
Azure/azure-sdk-for-net,sdk/communication/Azure.Communication.Common/tests/CommunicationIdentifierTest.cs,e4d10c38a63961a4a9e7660eba2086669be6be3a,true,false
Azure/azure-sdk-for-net,sdk/servicebus/Azure.Messaging.ServiceBus/src/Primitives/ServiceBusRetryPolicy.cs,f5b32f9b06e1acf2c1894b6d3d094fe5abb300bb,false,true
Azure/azure-sdk-for-net,sdk/servicebus/Azure.Messaging.ServiceBus/tests/Core/ServiceBusRetryPolicyTests.cs,f5b32f9b06e1acf2c1894b6d3d094fe5abb300bb,false,true
Azure/durabletask,src/DurableTask.Core/RetryProxy.cs,62e3ed659341be08f21623cb0ec6cfa0bbc66174,true,false
Azure/durabletask,test/DurableTask.ServiceBus.Tests/SerializationTests.cs,62e3ed659341be08f21623cb0ec6cfa0bbc66174,true,false
Azure/durabletask,src/DurableTask.Core/ReflectionBasedTaskActivity.cs,6d234dbd68a4dabdcd22ea009c07871410e22fd5,false,true
AzureAD/microsoft-authentication-library-for-dotnet,src/client/Microsoft.Identity.Client/Platforms/uap/DispatcherTaskExtensions.cs,fefbdb88094cfc5772810992ec13560e43cdb1cb,false,true
Belphemur/SoundSwitch,SoundSwitch.Common/Framework/Audio/Collection/DeviceCollection.cs,2f70eb2824852ff9012842bfa9b5ac42a02dd151,true,false
Belphemur/SoundSwitch,CHANGELOG.md,fc47a8fa2a9b5ad9909e476be556573ad8c13b99,true,false
Belphemur/SoundSwitch,SoundSwitch/Properties/AssemblyInfo.cs,fc47a8fa2a9b5ad9909e476be556573ad8c13b99,true,false
Bobris/BTDB,BTDB/Buffer/PackUnpack.cs,822dbf6cbed97d2189197cc6770314167d5edc3c,false,true
CypherCore/CypherCore,Source/Framework/Framework.csproj,135760cbed5fa08e0ae0a5d1659ab806a664dab8,true,false
CypherCore/CypherCore,Source/Game/Entities/Player/Player.Quest.cs,3102a12bfeb8ccd0845c51e11ba5e480707d2e4b,true,false
CypherCore/CypherCore,Source/Game/Networking/Packets/MythicPlusPacketsCommon.cs,65da4c926eed4ca4d5000eddd54c3f8bdfb2f376,false,true
CypherCore/CypherCore,Source/Game/Phasing/PhasingHandler.cs,6efbe4b00e2da792b6bb3a81cb13ad2d9fc1130a,true,false
CypherCore/CypherCore,Source/Framework/Constants/BattleGroundsConst.cs,76dd5b94f0fd6d61f05cdee7a7e76f5cc45d6345,true,false
CypherCore/CypherCore,Source/Game/Maps/Map.cs,7a799f4047640ca297d2d95559a4a2aa42567ff3,true,false
CypherCore/CypherCore,Source/Game/Entities/Unit/Unit.Pets.cs,a672fa1bce90e0a1df8e538e9684132989ad13ee,true,false
CypherCore/CypherCore,Source/Game/Networking/Packets/CalendarPackets.cs,ef2ec543219bd9fd2334ae19f43076289baf40a3,true,false
CypherCore/CypherCore,Source/Framework/Constants/Language.cs,f2cf016c61d007f83f49dd62532a72803f7325b0,true,false
DEVSENSE/Parsers,Source/Devsense.PHP.Parser/Syntax/TokenFacts.cs,1399898cc356bcd19328cf973564e696874eee29,true,false
Dawn-of-Light/DOLSharp,GameServer/gameobjects/GameObject.cs,2e228f7eaee47a03c02e21cc9b0ef34b05c75f5c,false,true
Dawn-of-Light/DOLSharp,GameServer/language/LanguageMgr.cs,4e8ce0b5ddadb7d58b8fb8bd997be1890054d02d,false,true
Dawn-of-Light/DOLSharp,GameServer/world/WorldMgr.cs,88366bd0703530b8fc7436a33df9cf0f8045bc9e,false,true
Dawn-of-Light/DOLSharp,GameServer/commands/gmcommands/object.cs,8900d0794828c96dcb90f51bd3674ef02b60ccd5,true,false
Dawn-of-Light/DOLSharp,GameServer/world/Point2D.cs,b91e6f6ed21184d9acb8c465acc2c9d7526807d1,false,true
Dawn-of-Light/DOLSharp,GameServer/spells/buff/SingleStatAbilityBuffHandler.cs,f16ff7e3086aeab17f0ffd94ab6259c99c8e2682,false,true
DragonSpark/Framework,DragonSpark.Application/Connections/UserAwareHub.cs,e60bad530a40387d8c26d9310964795a628d601d,false,true
Elders/Cronus,src/Elders.Cronus/EventStore/LoggingAggregateRepository.cs,41333d4519770a50827fd1e5e0a30fcdd5f158a9,true,false
Elders/Cronus,ci/azure-pipelines.yml,f054d674d7dd2d2c5bfe050984f86224d1d59d96,true,false
Elders/Cronus,package.json,f054d674d7dd2d2c5bfe050984f86224d1d59d96,true,false
Elders/Cronus,release.config.js,f054d674d7dd2d2c5bfe050984f86224d1d59d96,true,false
Elders/Cronus.DomainModeling,ci/azure-pipelines.yml,8763e06190e61800ecdf97ec8db7ca5ca788f3d0,true,false
Elders/Cronus.DomainModeling,package-lock.json,8763e06190e61800ecdf97ec8db7ca5ca788f3d0,true,false
Elders/Cronus.DomainModeling,package.json,8763e06190e61800ecdf97ec8db7ca5ca788f3d0,true,false
Elders/Cronus.DomainModeling,release.config.js,8763e06190e61800ecdf97ec8db7ca5ca788f3d0,true,false
Elders/Cronus.Projections.Cassandra,package-lock.json,e8ded9185378393e231f7b892383f4796acd6061,true,false
Elders/Cronus.Projections.Cassandra,package.json,e8ded9185378393e231f7b892383f4796acd6061,true,false
Elders/Cronus.Transport.RabbitMQ,package-lock.json,17ee870e83cfdf82129a5df0bfc7439a8212792a,true,false
Elders/Cronus.Transport.RabbitMQ,package.json,17ee870e83cfdf82129a5df0bfc7439a8212792a,true,false
Elders/Cronus.Transport.RabbitMQ,src/Elders.Cronus.Transport.RabbitMQ/Startup/RabbitMqStartup.cs,ff54acc4bd60b46d8f84a0ea7f79c0af1cde92b0,true,true
Faithlife/Parsing,tests/Faithlife.Parsing.Tests/TestsUtility.cs,744c6dea7e8e788b8d7f774830ac26664a26efd2,true,false
Faithlife/Parsing,tests/Faithlife.Parsing.Tests/WhereTests.cs,744c6dea7e8e788b8d7f774830ac26664a26efd2,true,false
GNOME/chronojump,src/gui/app1/session/backup.cs,21607cbf2fcd2b07f0e1e65c40b38dfd6c167a79,true,false
GNOME/chronojump,howto_new_version.txt,42deaf4c67e5edd31bac5d6a2241b39092b8b979,true,true
GNOME/chronojump,src/chronojumpImporter.cs,42deaf4c67e5edd31bac5d6a2241b39092b8b979,true,true
GNOME/chronojump,src/constants.cs,e1cc0eb75a1e24c4880740065d92bb045536b82f,true,false
GNOME/chronojump,src/chronopicRegister.cs,ebaab78533c51370dab94756b137aa1c48d950aa,true,false
GoogleCloudPlatform/iap-desktop,sources/Google.Solutions.Common.Test/Util/TestExceptionExtensions.cs,399a383e7954f403bbf5a7be015498ad5e0658ff,true,false
GoogleCloudPlatform/iap-desktop,sources/Google.Solutions.Common/Util/ExceptionExtensions.cs,399a383e7954f403bbf5a7be015498ad5e0658ff,true,false
GridProtectionAlliance/gsf,Source/Libraries/GSF.Web/Model/ModelController.cs,f3941076ace4825940c248728b0274ea1a418c84,true,false
Hochfrequenz/EDILibrary,EDILibrary/EdifactFormatVersion.cs,ff9da1630e3195d4fc59198ed718a55697d754b7,true,true
Hochfrequenz/EDILibrary,EDILibraryTests/EdifactFormatVersionTests.cs,ff9da1630e3195d4fc59198ed718a55697d754b7,true,true
JKorf/Binance.Net,Binance.Net/Enums/AccountType.cs,f4bf151f1d9ca6029cda350783cbc806c42fb580,true,false
Jackett/Jackett,src/Jackett.Common/Indexers/ShizaProject.cs,25b16e7326e0b1bdfc2bf0f0fc3d161c26f78ec4,true,false
Jackett/Jackett,src/Jackett.Common/Definitions/microbit.yml,284ec8b299f5e162f28489751b4e4df6c9828261,true,false
Jackett/Jackett,src/Jackett.Common/Definitions/ps4-torrent.yml,2e04db7fbf05a1d8c14f23d283e48bd92e95ea8f,true,false
Jackett/Jackett,src/Jackett.Common/Definitions/turktracker.yml,34e8bfbd29bf005a2602503550aefb9bc736a2e1,true,false
Jackett/Jackett,src/Jackett.Common/Indexers/Cinecalidad.cs,3a743d632a2ab346b520320f7ff7da045daa0a62,true,false
Jackett/Jackett,src/Jackett.Common/Definitions/bitbr.yml,3bfce09856ddd59f6f5fc803f14ab2be7e3408e8,true,false
Jackett/Jackett,src/Jackett.Common/Indexers/PreToMe.cs,4f031cf9aab4f20e4e16e977479b35aefe4ad402,true,false
Jackett/Jackett,src/Jackett.Common/Definitions/hdcenter.yml,51dc713e3b41d19fe63d72b7b22c12e292832cec,true,false
Jackett/Jackett,src/Jackett.Common/Indexers/Partis.cs,7361aa7c6f4caa7f8f67ccf9b094ed28bb2d8d4c,true,false
Jackett/Jackett,src/Jackett.Common/Definitions/iv-torrents.yml,8f5c74c7b99cf721d608891324758a5dc90767ae,true,false
Jackett/Jackett,src/Jackett.Common/Indexers/BakaBT.cs,93a7b8c5812be6b6db5829941d7817e883007e23,true,true
Jackett/Jackett,src/Jackett.Common/Definitions/gimmepeers.yml,b011fb7fb6ac424110d2a6b7c1e2757e79427ce5,true,false
Jackett/Jackett,src/Jackett.Common/Indexers/RuTracker.cs,bb53da8f83c868bdb80c212d11fbabafcf70c0a2,true,false
Jackett/Jackett,src/Jackett.Common/Definitions/hdcity.yml,c6813224c5b45c19c5a5d35d44b5fafbc553a9ed,true,false
Jackett/Jackett,src/Jackett.Common/Definitions/hamsterstudio.yml,d68fb0ee6efc055eae6730b4f3aafd29b366c70e,true,false
Jackett/Jackett,src/Jackett.Common/Definitions/world-of-tomorrow.yml,f3d491931c5c8f76d0b316e8c936a90a6b4383e9,true,false
Jackett/Jackett,src/Jackett.Common/Definitions/hdbitscom.yml,f4d3ca2d738aa2d7e2f70950634ce588bcfeaf39,true,false
Kagamia/WzComparerR2,WzComparerR2.MapRender/Patches2/PortalItem.cs,91551b76942f45fdd6c3e8fe406e449ff7f8072f,true,false
Klocman/Bulk-Crap-Uninstaller,source/UninstallTools/Factory/InfoAdders/VersionCleaner.cs,07cb9a6593502f90a82251a596e0318912c7a1ad,true,false
Ky7m/DemoCode,MakingDotNETApplicationsFaster/MakingDotNETApplicationsFaster/CoreConfig.cs,36ebc115ec70f1ef1440dbd68516600bc83b9fc5,true,false
Ky7m/DemoCode,WorkWithTelemetryInDotNET/Shared/Extensions/OpenTelemetryConfigurationExtensions.cs,c8647e26a4ec1866922b12f54d923565a0372424,true,false
MetacoSA/NBitcoin,NBitcoin.Tests/AltcoinTests.cs,18772300b9f97a9a2fad0b0c7745bba69c6782e2,true,false
MetacoSA/NBitcoin,NBitcoin/RPC/RPCClient.cs,18772300b9f97a9a2fad0b0c7745bba69c6782e2,true,false
MetacoSA/NBitcoin,NBitcoin.Tests/util_tests.cs,fe7a177b84ec8daf5c5c9d64ab8f1fb0fdc65b36,true,false
MetacoSA/NBitcoin,NBitcoin/FeeRate.cs,fe7a177b84ec8daf5c5c9d64ab8f1fb0fdc65b36,true,false
NLog/NLog,src/NLog/Config/ConfigurationItemFactory.cs,c3ec3ce8b0b60ec559f954c29eca0a9bf048ccb5,false,true
NLog/NLog,src/NLog/Layouts/JSON/JsonLayout.cs,ddbc712617234d8901d723cd00cb9f37da45ebbd,true,false
NakedObjectsGroup/NakedObjectsFramework,Client/nakedobjects-client/cicero/package.json,5d7fbedc97af302844b56a5115c22f2ed7f2c96d,true,false
NakedObjectsGroup/NakedObjectsFramework,Client/nakedobjects-client/gemini/package.json,5d7fbedc97af302844b56a5115c22f2ed7f2c96d,true,false
NakedObjectsGroup/NakedObjectsFramework,Client/nakedobjects-client/package.json,5d7fbedc97af302844b56a5115c22f2ed7f2c96d,true,false
NakedObjectsGroup/NakedObjectsFramework,Client/nakedobjects-client/restful-objects/package.json,5d7fbedc97af302844b56a5115c22f2ed7f2c96d,true,false
NakedObjectsGroup/NakedObjectsFramework,Client/nakedobjects-client/services/package.json,5d7fbedc97af302844b56a5115c22f2ed7f2c96d,true,false
NakedObjectsGroup/NakedObjectsFramework,Client/nakedobjects-client/services/src/url-manager.service.ts,5d7fbedc97af302844b56a5115c22f2ed7f2c96d,true,false
NakedObjectsGroup/NakedObjectsFramework,Client/nakedobjects-client/src/config.json,5d7fbedc97af302844b56a5115c22f2ed7f2c96d,true,false
NakedObjectsGroup/NakedObjectsFramework,Client/nakedobjects-client/view-models/package.json,5d7fbedc97af302844b56a5115c22f2ed7f2c96d,true,false
NakedObjectsGroup/NakedObjectsFramework,Client/nakedobjects-client/cicero/src/cicero/cicero.component.ts,a89432540af4f26259fd78983b35890dc00376b0,true,false
NaosProject/Naos.Database,Naos.Database.Domain/Protocols/Classes/Stream/Standard/StandardStreamReadWriteWithIdProtocols{TId}.cs,85ec283bb4ddf4cb5806dc322f27d0552314a37a,true,false
OpenRA/OpenRA,OpenRA.Mods.Common/Widgets/Logic/DirectConnectLogic.cs,125a7b8c884e406cfcdd7f680755aa7f695e4a30,true,false
OpenRA/OpenRA,OpenRA.Mods.Common/UtilityCommands/ExtractSettingsDocsCommand.cs,67aa0cdede383bfeb8e8b8d3d06ff2833531bac5,true,false
OpenRA/OpenRA,mods/common/chrome/dropdowns.yaml,6b63114aaa6d4d6012a130a471d4cfc15befdc02,false,true
OpenRA/OpenRA,mods/common/chrome/ingame-observer.yaml,6b63114aaa6d4d6012a130a471d4cfc15befdc02,false,true
OpenRA/OpenRA,mods/common/chrome/lobby-servers.yaml,6b63114aaa6d4d6012a130a471d4cfc15befdc02,false,true
OpenRA/OpenRA,mods/common/chrome/multiplayer-browser.yaml,6b63114aaa6d4d6012a130a471d4cfc15befdc02,false,true
OpenRA/OpenRA,mods/common/chrome/multiplayer-browserpanels.yaml,6b63114aaa6d4d6012a130a471d4cfc15befdc02,false,true
OpenRA/OpenRA,mods/d2k/chrome/ingame-observer.yaml,6b63114aaa6d4d6012a130a471d4cfc15befdc02,false,true
OpenRA/OpenRA,mods/d2k/chrome/multiplayer-browserpanels.yaml,6b63114aaa6d4d6012a130a471d4cfc15befdc02,false,true
OpenRA/OpenRA,mods/ra/chrome/ingame-observer.yaml,6b63114aaa6d4d6012a130a471d4cfc15befdc02,false,true
OpenRA/OpenRA,mods/ts/chrome/ingame-observer.yaml,6b63114aaa6d4d6012a130a471d4cfc15befdc02,false,true
OpenRA/OpenRA,OpenRA.Game/Widgets/Widget.cs,8402d7d476695a619d60636f175d883145ce1faa,false,true
Pathoschild/StardewMods,LookupAnything/ModEntry.cs,39736ab32cddfec786f6441c7904b0f912fd8f46,true,false
Pathoschild/StardewMods,Automate/Framework/Machines/Objects/DeconstructorMachine.cs,fac483e75b207875348991d757015365a130ebf1,true,false
PhilipDaniels/BassUtils,BassUtils.Oracle/OracleParameterCollectionExtensions.AssociativeArray.cs,3c70f89281d4b674917b784da14a4927cdba8010,true,false
PhilipDaniels/BassUtils,BassUtils.Oracle/README.md,3c70f89281d4b674917b784da14a4927cdba8010,true,false
PiranhaCMS/piranha.core,core/Piranha.AspNetCore/Http/RoutingMiddleware.cs,81972c450a4fc38d6896eb47cb5b314465e31d03,true,false
PiranhaCMS/piranha.core,core/Piranha/Piranha.csproj,81972c450a4fc38d6896eb47cb5b314465e31d03,true,false
QuantConnect/Lean,Tests/Engine/Results/LiveTradingResultHandlerTests.cs,3f7d3394631a62d189267ab938b4edfcdccd3ab7,true,false
QuantConnect/Lean,Tests/Engine/BrokerageTransactionHandlerTests/BrokerageTransactionHandlerTests.cs,59eae963bee8c5048f4b74528056c9c4a09ad95d,true,false
QuantConnect/Lean,Tests/Algorithm/AlgorithmWarmupTests.cs,7d1cd79618da55a436ce4db880e20055dcc4fce8,true,false
QuantConnect/Lean,Engine/DataFeeds/LiveTradingDataFeed.cs,d6d3514ae24551dcba213013263ec445700b87d9,true,false
RHEAGROUP/reqifsharp,ReqIFSharp.Tests/ReqIFSerializerTestFixture.cs,2e2eaea3accb24ffcb4ac5d5228ea370a70be50c,true,false
RHEAGROUP/reqifsharp,ReqIFSharp/ReqIFSerializer.cs,2e2eaea3accb24ffcb4ac5d5228ea370a70be50c,true,false
Radarr/Radarr,src/NzbDrone.Core.Test/ParserTests/ReleaseGroupParserFixture.cs,069b18e5e3466b4e4e9df86a4380f8c3fd25d365,true,true
Radarr/Radarr,src/NzbDrone.Core/CustomFormats/Specifications/SizeSpecification.cs,192dd9c137451f6f73699de6f4337d26e2992f87,true,false
Radarr/Radarr,src/Radarr.Api.V3/Movies/MovieResource.cs,20f709d22aac4749920b4dd7623ea7d74d7d4314,true,false
Radarr/Radarr,src/NzbDrone.Common.Test/InstrumentationTests/CleanseLogMessageFixture.cs,2ce9d099e1001eb4fccd61edcb0597782da872d4,true,false
Radarr/Radarr,src/NzbDrone.Core.Test/ParserTests/ParserFixture.cs,2d814ecd208418bb252ff17e754befba8b6c043f,true,false
Radarr/Radarr,src/NzbDrone.Core/MediaFiles/DownloadedMovieImportService.cs,3a6f3666f58cfdff7e4444b4755e3c1c46eb5e7b,true,false
Radarr/Radarr,src/NzbDrone.Core/MetadataSource/SkyHook/SkyHookProxy.cs,40dc808f61494803eec4759a64300856ba8d5413,true,false
Radarr/Radarr,src/NzbDrone.Core/Movies/MovieService.cs,886b9b1c05a0bedd0b02808b0677bcd2df696efe,true,false
Radarr/Radarr,src/NzbDrone.Core/ImportLists/FetchAndParseImportListService.cs,915c66be50505bf0f5243c8ee7053b437c1179e1,true,false
Radarr/Radarr,frontend/src/Store/Actions/movieFileActions.js,9903e70925c9f7908bfd033ac65090717d101085,true,false
Radarr/Radarr,src/NzbDrone.Core.Test/DecisionEngineTests/RepackSpecificationFixture.cs,b9886cd11c554083d758bd23d8706d25af084c5a,true,false
Radarr/Radarr,src/NzbDrone.Core/DecisionEngine/Specifications/RepackSpecification.cs,b9886cd11c554083d758bd23d8706d25af084c5a,true,false
Radarr/Radarr,frontend/src/Components/Page/PageJumpBar.css,c7baa66de28378fee248c766640928b9726ea3cc,true,false
Radarr/Radarr,frontend/src/Styles/Variables/zIndexes.js,c7baa66de28378fee248c766640928b9726ea3cc,true,false
Radarr/Radarr,src/NzbDrone.Core.Test/RootFolderTests/RootFolderServiceFixture.cs,e689817508e7e696fa3334494fd53f021ce05ca1,true,false
Radarr/Radarr,src/NzbDrone.Core/RootFolders/RootFolderService.cs,e689817508e7e696fa3334494fd53f021ce05ca1,true,false
Radarr/Radarr,src/NzbDrone.Core/Indexers/Rarbg/RarbgParser.cs,f05333db5103204a78a15a0739752a333f9fe4e2,true,true
RobinHood70/HoodBot,Robby/PageNameComparer.cs,54b9667e52ca4b94c6ee98b711c063470dacba5d,true,false
RobinHood70/HoodBot,WallE/Clients/SimpleClient.cs,6ce91764704165cf2d14d313fd2e12f05f0f2b0f,true,false
RobinHood70/HoodBot,WallE/Base/Inputs/QueryPageSetInput.cs,811558a7b8738436f4151740aa3678c7fa921c61,true,false
RobinHood70/HoodBot,HoodBot/Jobs/MassPurge.cs,a741a9d549b84ce4c3f5285d55952fdf0bb128c1,false,true
RobinHood70/HoodBot,HoodBot/Jobs/OneOffTemplateJob.cs,f2490fc89467afb69e01ab7178999619e56de3a7,true,false
SenseNet/sensenet,src/Services.Core/Operations/UploadHandler.cs,794a6a29dc4d56c787bef1cac651d875a394a10b,true,false
SenseNet/sensenet,src/Tests/SenseNet.ContentRepository.Tests/UploadHandlerTests.cs,794a6a29dc4d56c787bef1cac651d875a394a10b,true,false
Serg-Norseman/GEDKeeper,projects/GKTests/GKCore/ControllerTests.cs,ac71f76232da38fdc91a6abd74ba9734eae9f6b2,true,false
ShammyLevva/FTAnalyzer,FTAnalyzer.Windows/Forms/Controls/ToolStripMapSelector.cs,750e9055ad5581c92178b9549ce90550293b2b95,false,true
ShareX/ShareX,ShareX.UploadersLib/FileUploaders/FTP.cs,cbb5b1dfa0c327288de58bd0677158bfdd94dc2a,false,true
ShareX/ShareX,ShareX.Steam/Launcher.cs,fa2633ef0521d68422ecef5d9cbd0f8ea3154049,true,false
ShareX/ShareX,ShareX.Steam/ShareX.Steam.csproj,fa2633ef0521d68422ecef5d9cbd0f8ea3154049,true,false
SonarSource/sonarlint-visualstudio,src/TypeScript.UnitTests/Rules/RuleDefns_CheckDetailedProperties.json,1e04b77b9f823a77a37d74aa9023de942e36ba95,true,false
SonarSource/sonarlint-visualstudio,src/TypeScript/Rules/RuleDefinition.cs,1e04b77b9f823a77a37d74aa9023de942e36ba95,true,false
SonarSource/sonarlint-visualstudio,src/IssueViz.UnitTests/Editor/QuickActions/QuickFixes/QuickFixActionsSourceTests.cs,58ca2fb420a3724461f21b3d18bdbcb7691dfa47,true,false
SonarSource/sonarlint-visualstudio,src/IssueViz/Editor/QuickActions/QuickFixes/QuickFixActionsSource.cs,58ca2fb420a3724461f21b3d18bdbcb7691dfa47,true,false
SonarSource/sonarlint-visualstudio,src/IssueViz/Editor/LocationTagging/IssueLocationStoreAggregator.cs,82991066644946ce4ebf41d41c9721582b58e2ed,true,false
SonarSource/sonarlint-visualstudio,src/TestInfrastructure/Helpers/Exceptions.cs,82991066644946ce4ebf41d41c9721582b58e2ed,true,false
Squidex/squidex,backend/src/Squidex/Config/Domain/SerializationServices.cs,dd0f80f8d72231fcb7446dd1db5c2ff352a7d35f,true,false
StockSharp/StockSharp,Configuration/AppStartSettings.cs,8ef6c615e0c4382fa07cb8b1eb493b9adcead952,false,true
StockSharp/StockSharp,Localization/LocalizedStrings.cs,c779b0ce1846258d4f65f550155a38b3d747c629,true,false
StockSharp/StockSharp,Algo/Strategies/Strategy.cs,d2be4b249fef616ed353504966f74162881738f8,true,false
StockSharp/StockSharp,Configuration/InMemoryMessageAdapterProvider.cs,d45a6e5dc0a57670e97c2f1bc3e014cceb7a2873,false,true
StockSharp/StockSharp,Localization.Generator/Properties/AssemblyInfo.cs,f8488372e252a864a9849340abf160cc85a3216a,true,false
SubtitleEdit/subtitleedit,src/UpdateAssemblyInfo/Program.cs,2623a3a5f1d8d866c3b89db8c5e004007bfd10f8,true,false
SubtitleEdit/subtitleedit,src/libse/Common/LanguageAutoDetect.cs,26261a0e70e1d583d360b12ec93c3e39f42db770,false,true
SubtitleEdit/subtitleedit,src/libse/Common/TextSplitResult.cs,463743082c0f066dd3cf25e249b6923f63316033,true,false
SubtitleEdit/subtitleedit,src/libse/Forms/FixCommonErrors/FixHyphensRemoveDashSingleLine.cs,dba50f9be8b3fe5e9428c9a12fc7a7f7147a0d77,false,true
SubtitleEdit/subtitleedit,src/ui/Logic/ReplaceAllHelper.cs,ec8020621d6a2798038c9ad32f7cf4901b91e01b,true,false
SubtitleEdit/subtitleedit,src/libse/ContainerFormats/Mp4/Boxes/Stbl.cs,f5317c27762397f658308d3bbef9287f15331bf0,true,false
TechnitiumSoftware/DnsServer,DnsServerCore/Dns/ZoneManagers/CacheZoneManager.cs,e007ae3ecbc2f642f4e11059376e6b649bba155f,true,false
TechnitiumSoftware/TechnitiumLibrary,TechnitiumLibrary.Net/Dns/ResourceRecords/DnsNSEC3RecordData.cs,4b494fb529948f434a4e4218e1c7d2f9b3033c52,true,false
TechnitiumSoftware/TechnitiumLibrary,TechnitiumLibrary.Net/Dns/ResourceRecords/DnsNSECRecordData.cs,f3cb742036aeeab2fca030d95ba93480a83b2a46,true,false
TheModMaker/ModMaker.Lua,Unit Tests/Conformance.cs,75eba164e398a73c03820f3c13824f71a72ed745,false,true
TheModMaker/ModMaker.Lua,Unit Tests/LuaTests/Conformance.lua,75eba164e398a73c03820f3c13824f71a72ed745,false,true
TheModMaker/ModMaker.Lua,Unit Tests/LuaTests/Library_Bit32.lua,75eba164e398a73c03820f3c13824f71a72ed745,false,true
TheModMaker/ModMaker.Lua,Unit Tests/LuaTests/Library_Coroutine.lua,75eba164e398a73c03820f3c13824f71a72ed745,false,true
TheModMaker/ModMaker.Lua,Unit Tests/LuaTests/Library_Math.lua,75eba164e398a73c03820f3c13824f71a72ed745,false,true
TheModMaker/ModMaker.Lua,Unit Tests/LuaTests/Misc.lua,75eba164e398a73c03820f3c13824f71a72ed745,false,true
TheModMaker/ModMaker.Lua,Unit Tests/Runtime/LuaLibraries/Bit32.cs,75eba164e398a73c03820f3c13824f71a72ed745,false,true
TheModMaker/ModMaker.Lua,Unit Tests/Runtime/LuaLibraries/Math.cs,75eba164e398a73c03820f3c13824f71a72ed745,false,true
TrinityCore/WowPacketParser,WowPacketParserModule.V3_4_0_45166/Parsers/LootHandler.cs,081aa4d28d9459e1d45e53ba8c6ced4a2423a277,true,false
TrinityCore/WowPacketParser,WowPacketParser/Store/Objects/AreaTriggerTemplate.cs,1a1f1eb2252d1055fef3e06e9117de5849e02296,true,false
TrinityCore/WowPacketParser,WowPacketParserModule.V3_4_0_45166/Parsers/CalendarHandler.cs,4b45861e7ad53813d79bbd732a634f28c3ae60ef,true,false
TrinityCore/WowPacketParser,WowPacketParserModule.V6_0_2_19033/Parsers/BattlegroundHandler.cs,4b6f7f38f87b42d0e443c4c454f7165839b211b5,true,false
TrinityCore/WowPacketParser,WowPacketParserModule.V3_4_0_45166/Parsers/CharacterHandler.cs,778b4e7139c3a196dcdb31efae4d85dc1c0e0b6e,true,false
TrinityCore/WowPacketParser,WowPacketParserModule.V6_0_2_19033/Parsers/LfgHandler.cs,a86ef9e8eef6daa759bd12aec5ca34e5423a893f,true,false
TrinityCore/WowPacketParser,WowPacketParserModule.V3_4_0_45166/Parsers/SessionHandler.cs,af84b92635a38c956ff1266c76a4b819812b52f0,true,false
TrinityCore/WowPacketParser,WowPacketParserModule.V3_4_0_45166/Parsers/ItemHandler.cs,c133943e1aab0c05518a18a810aa13b37cda3027,true,false
UnigramDev/Unigram,Unigram/Unigram/Common/CommonStyles.xaml,436b3005e1fbaafd2311ec1e7c5048fe2601fa2c,true,false
UnigramDev/Unigram,Unigram/Unigram/Controls/AnimatedIconToggleButton.cs,afd09f1086b6cd561afd6fdc480fbb2e9c54c4d3,true,false
Vanaheimr/Hermod,Hermod/Hermod/HTTP/General/URL.cs,03d6bd39b4315f10258a57f338f91d1621e615b6,false,true
Vanaheimr/Hermod,Hermod/Hermod/Helpers/Signature.cs,8db8ef194f06c073a248eb7cd7dd0d8702a35876,true,true
Vanaheimr/Hermod,Hermod/Hermod/HTTP/Response/HTTPResponse.cs,b02d13b696d74ee50d3f483556ee85ecf55d227c,true,false
Vanaheimr/Hermod,Hermod/Hermod/HTTP/JSON/JSONExtentions.cs,f4b9d9e8aaf927c517941c7eaa87a156a1413cfb,false,true
WimObiwan/FxMovieAlert,Core/Services/VtmGoService2.cs,e97a554f08633331a855a1d85a5185be71d636a9,true,false
WireMock-Net/WireMock.Net,src/WireMock.Net.FluentAssertions/Assertions/WireMockAssertions.cs,862c04e722d27df1681114c8d3ec7e4c8ec94e44,true,true
WireMock-Net/WireMock.Net,test/WireMock.Net.Tests/FluentAssertions/WireMockAssertionsTests.cs,862c04e722d27df1681114c8d3ec7e4c8ec94e44,true,true
WireMock-Net/WireMock.Net,src/WireMock.Net/Matchers/Request/RequestMessageHeaderMatcher.cs,f704de65d851dd774506a071b179af2b1dd9120c,true,false
WireMock-Net/WireMock.Net,test/WireMock.Net.Tests/RequestMatchers/RequestMessageHeaderMatcherTests.cs,f704de65d851dd774506a071b179af2b1dd9120c,true,false
WireMock-Net/WireMock.Net,test/WireMock.Net.Tests/RequestTests.cs,f704de65d851dd774506a071b179af2b1dd9120c,true,false
YAFNET/YAFNET,yafsrc/YAF.Core/Utilities/JavaScriptBlocks.cs,54e6325f0efaed5f2d8970e144c09922dce39b94,true,false
YAFNET/YAFNET,yafsrc/YAF.Core/Helpers/AspNetUsersHelper.cs,69c0bfbe35cbf481d9af5f6a9ed5de2ea2323507,true,false
YAFNET/YAFNET,yafsrc/YAF.Core/Services/UpgradeService.cs,75c99b49c9140c08be00eb9065ff52329a3c7860,true,false
ZeroK-RTS/Zero-K-Infrastructure,Shared/LobbyClient/DedicatedServer.cs,8310357856024f5c6648dc9543724f5a9438adf1,true,false
aaubry/YamlDotNet,YamlDotNet.Test/RepresentationModel/YamlStreamTests.cs,454171b4eb03baea00d102d3ac079264ed59ef3c,true,false
aaubry/YamlDotNet,YamlDotNet/Core/Scanner.cs,454171b4eb03baea00d102d3ac079264ed59ef3c,true,false
adamabdelhamed/PowerArgs,PowerArgsTestCore/Core/BooleanExpressionEvaluatorUnitTests.cs,3a36e353ffbd035860fb19ee438b0918b430addd,false,true
adamabdelhamed/PowerArgs,PowerArgs/HelperTypesPublic/KeyFactory.cs,3e55dd54d2956a6d9c47c1dc42e90a8290097a3c,false,true
ashmind/SharpLab,source/NetFramework/Server/Platform/Net48AssemblyDocumentationResolver.cs,9a996d3e2e2129efcdeb2ae411b644ce04ab67be,true,false
aspnet/AspNetCore,src/Middleware/Spa/SpaServices.Extensions/src/Microsoft.AspNetCore.SpaServices.Extensions.csproj,03ddd91eff610d045dbf6e397b8447151d45415a,true,false
aspnet/AspNetCore,src/Middleware/Spa/SpaServices.Extensions/src/Proxying/SpaProxy.cs,03ddd91eff610d045dbf6e397b8447151d45415a,true,false
aspnet/AspNetCore,src/Middleware/Spa/SpaServices.Extensions/test/Microsoft.AspNetCore.SpaServices.Extensions.Tests.csproj,03ddd91eff610d045dbf6e397b8447151d45415a,true,false
aspnet/AspNetCore,src/Middleware/Spa/SpaServices.Extensions/test/SpaProxyTests.cs,03ddd91eff610d045dbf6e397b8447151d45415a,true,false
aspnet/AspNetCore,src/Security/Authentication/Core/src/RemoteAuthenticationHandler.cs,ac4bd5ef1660dbbd380de1e80c36468cc912770d,true,false
aspnet/AspNetCore,src/DefaultBuilder/src/Microsoft.AspNetCore.csproj,efb694ca175e7d91692112f0482c344a7c95e08c,true,false
aspnet/AspNetCore,src/Security/Authorization/test/Microsoft.AspNetCore.Authorization.Test.csproj,efb694ca175e7d91692112f0482c344a7c95e08c,true,false
b3b00/csly,ParserTests/Issue302/Issue302.cs,3e4ecdc7fae312eaefc0ac627702a29e247740d6,true,false
b3b00/csly,sly/parser/parser/Parser.cs,3e4ecdc7fae312eaefc0ac627702a29e247740d6,true,false
b3b00/csly,ParserTests/Issue311/Parser311.cs,531d6e5fb7bb9b01824e2fca4c02c7180624362d,true,false
b3b00/csly,sly/EnumConverter.cs,63789c6121690f7cbb38586cb303bc0b3a640d48,false,true
b3b00/csly,samples/jsonparser/JsonModel/JSon.cs,9e87c04ed93ccec261f9124ef2ac794555d9b6c6,false,true
bitwarden/mobile,src/Core/Services/BitwardenFileUploadService.cs,673ba9f3ccdfc863893a834112d4777e3beb1704,true,false
btcpayserver/btcpayserver,BTCPayServer/Controllers/UIAppsController.Dashboard.cs,01ab21e4c0a6e4ba84d6b45e62e5fdc7bce68668,true,false
btcpayserver/btcpayserver,BTCPayServer.Rating/Providers/KrakenExchangeRateProvider.cs,15e1169f6211f401e7a53ae4b576243bef565ca7,true,false
btcpayserver/btcpayserver,BTCPayServer/Controllers/UIStoresController.LightningLike.cs,3532789c35f077ead7b67ec5c20e73b72ec58818,true,false
btcpayserver/btcpayserver,BTCPayServer/Views/UIStores/SetupLightningNode.cshtml,3532789c35f077ead7b67ec5c20e73b72ec58818,true,false
btcpayserver/btcpayserver,BTCPayServer/Views/Shared/CameraScanner.cshtml,c97b859963d494ee88aa873709b860b236f65cdb,false,true
btcpayserver/btcpayserver,BTCPayServer/Views/Shared/ShowQR.cshtml,c97b859963d494ee88aa873709b860b236f65cdb,false,true
btcpayserver/btcpayserver,BTCPayServer/Views/UIManage/APIKeys.cshtml,c97b859963d494ee88aa873709b860b236f65cdb,false,true
btcpayserver/btcpayserver,BTCPayServer/Views/UIStores/ImportWallet/ConfirmAddresses.cshtml,c97b859963d494ee88aa873709b860b236f65cdb,false,true
btcpayserver/btcpayserver,BTCPayServer/Views/UIStores/WalletSettings.cshtml,c97b859963d494ee88aa873709b860b236f65cdb,false,true
btcpayserver/btcpayserver,BTCPayServer/Views/UIWallets/WalletPSBT.cshtml,c97b859963d494ee88aa873709b860b236f65cdb,false,true
btcpayserver/btcpayserver,BTCPayServer/Views/UIWallets/WalletPSBTDecoded.cshtml,c97b859963d494ee88aa873709b860b236f65cdb,false,true
btcpayserver/btcpayserver,BTCPayServer/wwwroot/js/wallet/wallet-camera-scanner.js,c97b859963d494ee88aa873709b860b236f65cdb,false,true
cake-contrib/Cake.Recipe,.appveyor.yml,724eb7ee0089a4f96c353e5e8965144b83ab253d,true,false
cake-contrib/Cake.Recipe,.github/dependabot.yml,724eb7ee0089a4f96c353e5e8965144b83ab253d,true,false
cake-contrib/Cake.Recipe,.gitignore,724eb7ee0089a4f96c353e5e8965144b83ab253d,true,false
cake-contrib/Cake.Recipe,.vscode/launch.json,724eb7ee0089a4f96c353e5e8965144b83ab253d,true,false
cake-contrib/Cake.Recipe,Cake.Recipe/Cake.Recipe.nuspec,724eb7ee0089a4f96c353e5e8965144b83ab253d,true,false
cake-contrib/Cake.Recipe,Cake.Recipe/Content/PackageSourceData.cake,724eb7ee0089a4f96c353e5e8965144b83ab253d,true,false
cake-contrib/Cake.Recipe,Cake.Recipe/Content/addins.cake,724eb7ee0089a4f96c353e5e8965144b83ab253d,true,false
cake-contrib/Cake.Recipe,Cake.Recipe/Content/analyzing.cake,724eb7ee0089a4f96c353e5e8965144b83ab253d,true,false
cake-contrib/Cake.Recipe,Cake.Recipe/Content/appveyor.cake,724eb7ee0089a4f96c353e5e8965144b83ab253d,true,false
cake-contrib/Cake.Recipe,Cake.Recipe/Content/azurepipelines.cake,724eb7ee0089a4f96c353e5e8965144b83ab253d,true,false
cake-contrib/Cake.Recipe,Cake.Recipe/Content/build.cake,724eb7ee0089a4f96c353e5e8965144b83ab253d,true,false
cake-contrib/Cake.Recipe,Cake.Recipe/Content/buildData.cake,724eb7ee0089a4f96c353e5e8965144b83ab253d,true,false
cake-contrib/Cake.Recipe,Cake.Recipe/Content/buildPlatform.cake,724eb7ee0089a4f96c353e5e8965144b83ab253d,true,false
cake-contrib/Cake.Recipe,Cake.Recipe/Content/buildProvider.cake,724eb7ee0089a4f96c353e5e8965144b83ab253d,true,false
cake-contrib/Cake.Recipe,Cake.Recipe/Content/codecov.cake,724eb7ee0089a4f96c353e5e8965144b83ab253d,true,false
cake-contrib/Cake.Recipe,Cake.Recipe/Content/configuration.cake,724eb7ee0089a4f96c353e5e8965144b83ab253d,true,false
cake-contrib/Cake.Recipe,Cake.Recipe/Content/coveralls.cake,724eb7ee0089a4f96c353e5e8965144b83ab253d,true,false
cake-contrib/Cake.Recipe,Cake.Recipe/Content/credentials.cake,724eb7ee0089a4f96c353e5e8965144b83ab253d,true,false
cake-contrib/Cake.Recipe,Cake.Recipe/Content/deterministic.cake,724eb7ee0089a4f96c353e5e8965144b83ab253d,true,false
cake-contrib/Cake.Recipe,Cake.Recipe/Content/email.cake,724eb7ee0089a4f96c353e5e8965144b83ab253d,true,false
cake-contrib/Cake.Recipe,Cake.Recipe/Content/environment.cake,724eb7ee0089a4f96c353e5e8965144b83ab253d,true,false
cake-contrib/Cake.Recipe,Cake.Recipe/Content/github-actions.cake,724eb7ee0089a4f96c353e5e8965144b83ab253d,true,false
cake-contrib/Cake.Recipe,Cake.Recipe/Content/gitreleasemanager.cake,724eb7ee0089a4f96c353e5e8965144b83ab253d,true,false
cake-contrib/Cake.Recipe,Cake.Recipe/Content/gitter.cake,724eb7ee0089a4f96c353e5e8965144b83ab253d,true,false
cake-contrib/Cake.Recipe,Cake.Recipe/Content/gitversion.cake,724eb7ee0089a4f96c353e5e8965144b83ab253d,true,false
cake-contrib/Cake.Recipe,Cake.Recipe/Content/localbuild.cake,724eb7ee0089a4f96c353e5e8965144b83ab253d,true,false
cake-contrib/Cake.Recipe,Cake.Recipe/Content/microsoftteams.cake,724eb7ee0089a4f96c353e5e8965144b83ab253d,true,false
cake-contrib/Cake.Recipe,Cake.Recipe/Content/modules.cake,724eb7ee0089a4f96c353e5e8965144b83ab253d,true,false
cake-contrib/Cake.Recipe,Cake.Recipe/Content/packages.cake,724eb7ee0089a4f96c353e5e8965144b83ab253d,true,false
cake-contrib/Cake.Recipe,Cake.Recipe/Content/parameters.cake,724eb7ee0089a4f96c353e5e8965144b83ab253d,true,false
cake-contrib/Cake.Recipe,Cake.Recipe/Content/paths.cake,724eb7ee0089a4f96c353e5e8965144b83ab253d,true,false
cake-contrib/Cake.Recipe,Cake.Recipe/Content/setup.cake,724eb7ee0089a4f96c353e5e8965144b83ab253d,true,false
cake-contrib/Cake.Recipe,Cake.Recipe/Content/slack.cake,724eb7ee0089a4f96c353e5e8965144b83ab253d,true,false
cake-contrib/Cake.Recipe,Cake.Recipe/Content/tasks.cake,724eb7ee0089a4f96c353e5e8965144b83ab253d,true,false
cake-contrib/Cake.Recipe,Cake.Recipe/Content/teamcity.cake,724eb7ee0089a4f96c353e5e8965144b83ab253d,true,false
cake-contrib/Cake.Recipe,Cake.Recipe/Content/testing.cake,724eb7ee0089a4f96c353e5e8965144b83ab253d,true,false
cake-contrib/Cake.Recipe,Cake.Recipe/Content/tools.cake,724eb7ee0089a4f96c353e5e8965144b83ab253d,true,false
cake-contrib/Cake.Recipe,Cake.Recipe/Content/toolsettings.cake,724eb7ee0089a4f96c353e5e8965144b83ab253d,true,false
cake-contrib/Cake.Recipe,Cake.Recipe/Content/transifex.cake,724eb7ee0089a4f96c353e5e8965144b83ab253d,true,false
cake-contrib/Cake.Recipe,Cake.Recipe/Content/travis-ci.cake,724eb7ee0089a4f96c353e5e8965144b83ab253d,true,false
cake-contrib/Cake.Recipe,Cake.Recipe/Content/twitter.cake,724eb7ee0089a4f96c353e5e8965144b83ab253d,true,false
cake-contrib/Cake.Recipe,Cake.Recipe/Content/wyam.cake,724eb7ee0089a4f96c353e5e8965144b83ab253d,true,false
cake-contrib/Cake.Recipe,Source/Cake.Recipe.sln,724eb7ee0089a4f96c353e5e8965144b83ab253d,true,false
cake-contrib/Cake.Recipe,Source/Cake.Recipe/Content/PackageSourceData.cake,724eb7ee0089a4f96c353e5e8965144b83ab253d,true,false
cake-contrib/Cake.Recipe,Source/Cake.Recipe/Content/appveyor.cake,724eb7ee0089a4f96c353e5e8965144b83ab253d,true,false
cake-contrib/Cake.Recipe,Source/Cake.Recipe/Content/azurepipelines.cake,724eb7ee0089a4f96c353e5e8965144b83ab253d,true,false
cake-contrib/Cake.Recipe,Source/Cake.Recipe/Content/buildData.cake,724eb7ee0089a4f96c353e5e8965144b83ab253d,true,false
cake-contrib/Cake.Recipe,Source/Cake.Recipe/Content/buildPlatform.cake,724eb7ee0089a4f96c353e5e8965144b83ab253d,true,false
cake-contrib/Cake.Recipe,Source/Cake.Recipe/Content/codecov.cake,724eb7ee0089a4f96c353e5e8965144b83ab253d,true,false
cake-contrib/Cake.Recipe,Source/Cake.Recipe/Content/coveralls.cake,724eb7ee0089a4f96c353e5e8965144b83ab253d,true,false
cake-contrib/Cake.Recipe,Source/Cake.Recipe/Content/credentials.cake,724eb7ee0089a4f96c353e5e8965144b83ab253d,true,false
cake-contrib/Cake.Recipe,Source/Cake.Recipe/Content/deterministic.cake,724eb7ee0089a4f96c353e5e8965144b83ab253d,true,false
cake-contrib/Cake.Recipe,Source/Cake.Recipe/Content/email.cake,724eb7ee0089a4f96c353e5e8965144b83ab253d,true,false
cake-contrib/Cake.Recipe,Source/Cake.Recipe/Content/environment.cake,724eb7ee0089a4f96c353e5e8965144b83ab253d,true,false
cake-contrib/Cake.Recipe,Source/Cake.Recipe/Content/github-actions.cake,724eb7ee0089a4f96c353e5e8965144b83ab253d,true,false
cake-contrib/Cake.Recipe,Source/Cake.Recipe/Content/gitreleasemanager.cake,724eb7ee0089a4f96c353e5e8965144b83ab253d,true,false
cake-contrib/Cake.Recipe,Source/Cake.Recipe/Content/gitter.cake,724eb7ee0089a4f96c353e5e8965144b83ab253d,true,false
cake-contrib/Cake.Recipe,Source/Cake.Recipe/Content/gitversion.cake,724eb7ee0089a4f96c353e5e8965144b83ab253d,true,false
cake-contrib/Cake.Recipe,Source/Cake.Recipe/Content/localbuild.cake,724eb7ee0089a4f96c353e5e8965144b83ab253d,true,false
cake-contrib/Cake.Recipe,Source/Cake.Recipe/Content/microsoftteams.cake,724eb7ee0089a4f96c353e5e8965144b83ab253d,true,false
cake-contrib/Cake.Recipe,Source/Cake.Recipe/Content/packages.cake,724eb7ee0089a4f96c353e5e8965144b83ab253d,true,false
cake-contrib/Cake.Recipe,Source/Cake.Recipe/Content/parameters.cake,724eb7ee0089a4f96c353e5e8965144b83ab253d,true,false
cake-contrib/Cake.Recipe,Source/Cake.Recipe/Content/paths.cake,724eb7ee0089a4f96c353e5e8965144b83ab253d,true,false
cake-contrib/Cake.Recipe,Source/Cake.Recipe/Content/slack.cake,724eb7ee0089a4f96c353e5e8965144b83ab253d,true,false
cake-contrib/Cake.Recipe,Source/Cake.Recipe/Content/tasks.cake,724eb7ee0089a4f96c353e5e8965144b83ab253d,true,false
cake-contrib/Cake.Recipe,Source/Cake.Recipe/Content/teamcity.cake,724eb7ee0089a4f96c353e5e8965144b83ab253d,true,false
cake-contrib/Cake.Recipe,Source/Cake.Recipe/Content/testing.cake,724eb7ee0089a4f96c353e5e8965144b83ab253d,true,false
cake-contrib/Cake.Recipe,Source/Cake.Recipe/Content/tools.cake,724eb7ee0089a4f96c353e5e8965144b83ab253d,true,false
cake-contrib/Cake.Recipe,Source/Cake.Recipe/Content/transifex.cake,724eb7ee0089a4f96c353e5e8965144b83ab253d,true,false
cake-contrib/Cake.Recipe,Source/Cake.Recipe/Content/travis-ci.cake,724eb7ee0089a4f96c353e5e8965144b83ab253d,true,false
cake-contrib/Cake.Recipe,Source/Cake.Recipe/Content/twitter.cake,724eb7ee0089a4f96c353e5e8965144b83ab253d,true,false
cake-contrib/Cake.Recipe,Source/Cake.Recipe/Content/wyam.cake,724eb7ee0089a4f96c353e5e8965144b83ab253d,true,false
cake-contrib/Cake.Recipe,build.ps1,724eb7ee0089a4f96c353e5e8965144b83ab253d,true,false
cake-contrib/Cake.Recipe,build.sh,724eb7ee0089a4f96c353e5e8965144b83ab253d,true,false
cake-contrib/Cake.Recipe,docs/input/docs/ci-systems/appveyor.md,724eb7ee0089a4f96c353e5e8965144b83ab253d,true,false
cake-contrib/Cake.Recipe,docs/input/docs/ci-systems/azure.md,724eb7ee0089a4f96c353e5e8965144b83ab253d,true,false
cake-contrib/Cake.Recipe,docs/input/docs/ci-systems/github.md,724eb7ee0089a4f96c353e5e8965144b83ab253d,true,false
cake-contrib/Cake.Recipe,docs/input/docs/ci-systems/travisci.md,724eb7ee0089a4f96c353e5e8965144b83ab253d,true,false
cake-contrib/Cake.Recipe,docs/input/docs/fundamentals/recipe-cake.md,724eb7ee0089a4f96c353e5e8965144b83ab253d,true,false
cake-contrib/Cake.Recipe,docs/input/docs/fundamentals/set-parameters.md,724eb7ee0089a4f96c353e5e8965144b83ab253d,true,false
cake-contrib/Cake.Recipe,docs/input/docs/fundamentals/set-tool-settings.md,724eb7ee0089a4f96c353e5e8965144b83ab253d,true,false
cake-contrib/Cake.Recipe,docs/input/docs/usage/creating-packages.md,724eb7ee0089a4f96c353e5e8965144b83ab253d,true,false
cake-contrib/Cake.Recipe,recipe.cake,724eb7ee0089a4f96c353e5e8965144b83ab253d,true,false
carbon/Amazon,src/Amazon.Core/Security/InstanceRoleCredential.cs,102e19374ed72430637aeeaf8a257e1aec51b010,false,true
cetusfinance/qwack,clients/Qwack.Excel.Core/Qwack.Excel.Core.csproj,06a7847732dce20ab84a8a4a5bc132e2b5d72e82,true,false
cetusfinance/qwack,clients/Qwack.Excel.Host/Qwack.Excel.Host.csproj,06a7847732dce20ab84a8a4a5bc132e2b5d72e82,true,false
cetusfinance/qwack,test/Qwack.Dates.Tests/Qwack.Dates.Tests.csproj,06a7847732dce20ab84a8a4a5bc132e2b5d72e82,true,false
cetusfinance/qwack,test/Qwack.Excel.Tests/Qwack.Excel.Tests.csproj,06a7847732dce20ab84a8a4a5bc132e2b5d72e82,true,false
cetusfinance/qwack,test/Qwack.Models.Tests/Qwack.Models.Tests.csproj,06a7847732dce20ab84a8a4a5bc132e2b5d72e82,true,false
cetusfinance/qwack,test/Qwack.MonteCarlo.Test/Qwack.MonteCarlo.Test.csproj,06a7847732dce20ab84a8a4a5bc132e2b5d72e82,true,false
cetusfinance/qwack,test/Qwack.Serialization.Test/Qwack.Serialization.Test.csproj,06a7847732dce20ab84a8a4a5bc132e2b5d72e82,true,false
cetusfinance/qwack,test/Qwack.Transport.Tests/Qwack.Transport.Tests.csproj,06a7847732dce20ab84a8a4a5bc132e2b5d72e82,true,false
csbernath/DataCommander,DataCommander/.Net-6.0/DataCommander.Api/Query/TokenIterator.cs,9bb8ccb9cc487f46564f2233616199b660c14816,true,false
csbernath/DataCommander,DataCommander/.Net-6.0/DataCommander/App.config,9bb8ccb9cc487f46564f2233616199b660c14816,true,false
cube-soft/Cube.Core,Applications/Forms/Cube.Forms.Demo.csproj,8bac9dedf93d5a0ad8384305c57ffe62abdcb14c,false,true
cube-soft/Cube.Core,Applications/Forms/NLog.config,8bac9dedf93d5a0ad8384305c57ffe62abdcb14c,false,true
cube-soft/Cube.Core,Libraries/Core/Sources/Collections/Arguments/ArgumentPreprocessor.cs,9ae6ab49d95004aaa9dea3568d54d111f46b6290,true,false
danielpalme/ReportGenerator,src/ReportGenerator.Core.Test/Parser/CoverageReportParserTest.cs,de21e67291f7a6c42e5189577d1e674217751dbe,false,true
danielpalme/ReportGenerator,src/ReportGenerator.Core/Parser/CoverageReportParser.cs,de21e67291f7a6c42e5189577d1e674217751dbe,false,true
danielpalme/ReportGenerator,src/ReportGenerator.sln,de21e67291f7a6c42e5189577d1e674217751dbe,false,true
danielpalme/ReportGenerator,src/Testprojects/C++/Reports/Cobertura_CPPCoverage.xml,de21e67291f7a6c42e5189577d1e674217751dbe,false,true
dgarage/NBXplorer,NBXplorer/Backends/Postgres/PostgresIndexers.cs,2a493b911a402564e22cccb078afc074ed8393b6,true,false
dgarage/NBXplorer,NBXplorer/Controllers/MainController.cs,51a300b70d786534dffddada0805e0e56c3e568d,true,false
dlemstra/Magick.NET,tests/Magick.NET.Tests/MagickImageTests/TheReadPixelsAsyncMethod.cs,088ef722a53c19d246946d45bfda073e84cd0876,true,false
dlemstra/Magick.NET,tests/Magick.NET.Tests/Colors/MagickColorTests/TheToStringMethod.cs,878e52d1778f4ac9d25c934b265994c529bf1119,true,false
dlemstra/Magick.NET,tests/Magick.NET.Tests/Colors/MagickColorTests/TheToShortStringMethod.cs,a419d07f2d581f61d749ada2fd380801d5c1ab0a,true,false
dotnet/orleans,src/Orleans.Core/Runtime/RuntimeVersion.cs,0748f6a0e7e8158b30b674d90ded06e68d8dce44,true,false
dotnet/orleans,test/Extensions/ServiceBus.Tests/Streaming/EHStreamCacheMissTests.cs,4ad90046e3d5172c0e747aa0e74fb5efbb592d91,true,false
dotnet/orleans,test/Extensions/ServiceBus.Tests/Streaming/EHStreamingResumeTests.cs,4ad90046e3d5172c0e747aa0e74fb5efbb592d91,true,false
dotnet/orleans,test/Grains/TestGrainInterfaces/IImplicitSubscriptionCounterGrain.cs,4ad90046e3d5172c0e747aa0e74fb5efbb592d91,true,false
dotnet/orleans,test/Grains/TestGrains/ImplicitSubscriptionCounterGrain.cs,4ad90046e3d5172c0e747aa0e74fb5efbb592d91,true,false
dotnet/orleans,test/Grains/TestGrains/ImplicitSubscription_TransientError_RecoverableStream_CollectorGrain.cs,4ad90046e3d5172c0e747aa0e74fb5efbb592d91,true,false
dotnet/orleans,test/Grains/TestGrains/SlowConsumingGrains/SlowConsumingGrain.cs,4ad90046e3d5172c0e747aa0e74fb5efbb592d91,true,false
dotnet/orleans,test/Tester/StreamingTests/MemoryStreamCacheMissTests.cs,4ad90046e3d5172c0e747aa0e74fb5efbb592d91,true,false
dotnet/orleans,test/Tester/StreamingTests/MemoryStreamResumeTests.cs,4ad90046e3d5172c0e747aa0e74fb5efbb592d91,true,false
dotnet/orleans,test/Tester/StreamingTests/StreamingResumeTests.cs,4ad90046e3d5172c0e747aa0e74fb5efbb592d91,true,false
dotnet/orleans,test/DefaultCluster.Tests/StatelessWorkerTests.cs,65b9a00375e22515e6e4e601f6a59c5b64ffa8ae,false,true
dotnet/orleans,test/Grains/TestGrainInterfaces/IStatelessWorkerScalingGrain.cs,65b9a00375e22515e6e4e601f6a59c5b64ffa8ae,false,true
dotnet/orleans,test/Grains/TestGrains/StatelessWorkerScalingGrain.cs,65b9a00375e22515e6e4e601f6a59c5b64ffa8ae,false,true
dotnet/orleans,test/Tester/StatelessWorkerActivationTests.cs,65b9a00375e22515e6e4e601f6a59c5b64ffa8ae,false,true
dotnet/orleans,test/TesterInternal/GrainDirectoryPartitionTests.cs,689c2b0889ff8b6e0bc5ad45581cb3c380a529a4,true,false
dotnet/orleans,src/Orleans.Connections.Security/Security/TlsOptions.cs,f53437a6a9d956c88893386d7421ec66a1a0ce85,false,true
dotnet/orleans,samples/Chirper/Chirper.Grains/ChirperAccount.cs,fc0b1d2e2c95e21c5cdf184543e48eade1d345ee,true,false
dotnet/wcf,src/dotnet-svcutil/lib/src/FrameworkFork/System.Runtime.Serialization/System/Runtime/Serialization/DataContract.cs,312ff308ecfa46039e46d50c3edd4a9b5457a8b8,true,true
dotnet/wcf,src/System.ServiceModel.Http/ref/System.ServiceModel.Http.cs,32458ac0e8dccf363a0ff3458c09f34a12c5105f,false,true
dotnet/wcf,src/System.Private.ServiceModel/src/System/ServiceModel/ClientBase.cs,a197a757b177562f9fad1e36998545aea3d183f8,true,false
dotnet/wcf,src/System.Private.ServiceModel/src/System/ServiceModel/Security/SecurityAppliedMessage.cs,ecd002232d921d83064b23c4a02e6e52e4ebff60,true,false
dotnet/wcf,src/System.Private.ServiceModel/tests/Scenarios/Binding/WS/TransportWithMessageCredentialSecurity/BasicHttpTransportWithMessageCredentialSecurityTests.cs,ecd002232d921d83064b23c4a02e6e52e4ebff60,true,false
dotnet/wcf,src/System.Private.ServiceModel/tools/IISHostedWcfService/App_code/testhosts/BasicHttpsTransportSecurityMessageCredentialsUserNameTestServiceHost.cs,ecd002232d921d83064b23c4a02e6e52e4ebff60,true,false
dotnetcore/CAP,samples/Sample.RabbitMQ.MongoDB/docker-compose.yml,2113541aaf01b9809c0809bb1cf6846c40d29ab1,true,false
dotnetcore/CAP,src/DotNetCore.CAP.MongoDB/IMonitoringApi.MongoDB.cs,2113541aaf01b9809c0809bb1cf6846c40d29ab1,true,false
exceptionless/Exceptionless,src/Exceptionless.Web/Program.cs,430c4765ebbf70983d50aff09c1b98d29775ff02,true,false
exodrifter/unity-rumor,Compiler/Tests/AddChoice.cs,6b3dfacad8cde6a7949027ec2a93cb475aee4988,false,true
firebase/firebase-unity-sdk,.github/workflows/build_android.yml,1aee8c65ef83daaf504faff74db43708abbba9b5,true,false
firebase/firebase-unity-sdk,.github/workflows/build_ios.yml,1aee8c65ef83daaf504faff74db43708abbba9b5,true,false
firebase/firebase-unity-sdk,.github/workflows/build_linux.yml,1aee8c65ef83daaf504faff74db43708abbba9b5,true,false
firebase/firebase-unity-sdk,.github/workflows/build_macos.yml,1aee8c65ef83daaf504faff74db43708abbba9b5,true,false
firebase/firebase-unity-sdk,editor/crashlytics/src/iOSPostBuild.cs,3ffaa3990f0f40c9d2070801ea48f3d885bf283b,true,false
firebase/firebase-unity-sdk,scripts/gha/integration_testing/XcodeCapabilities.cs,3ffaa3990f0f40c9d2070801ea48f3d885bf283b,true,false
fluentassertions/fluentassertions,Src/FluentAssertions/Specialized/ExecutionTimeAssertions.cs,31cdf8b7b4118144d5244f5194fcf337f7272ad0,true,false
fluentassertions/fluentassertions,Tests/FluentAssertions.Specs/Specialized/ExecutionTimeAssertionsSpecs.cs,31cdf8b7b4118144d5244f5194fcf337f7272ad0,true,false
fluentribbon/Fluent.Ribbon,Fluent.Ribbon/Controls/RibbonGroupsContainerScrollViewer.cs,abaa9b3b994f4e51cb694d50ea2082993da36ad5,true,false
fluentribbon/Fluent.Ribbon,Fluent.Ribbon/Controls/RibbonTabItem.cs,de1ff4726271fe8a7af31301107e173464f9dfae,false,true
fluffynuts/PeanutButter,source/Utils/PeanutButter.Utils.Tests/TestAsync.cs,0428fdd7279bc40ed190eaf4daaa28fcdf680626,true,false
fluffynuts/PeanutButter,source/Utils/PeanutButter.Utils/Async.cs,0428fdd7279bc40ed190eaf4daaa28fcdf680626,true,false
fluffynuts/PeanutButter,source/TestUtils/PeanutButter.TestUtils.AspNetCore/Fakes/FakeFormFile.cs,986c4b4038d0de92ae9d86496c9963cf7ec54f58,true,false
fluffynuts/PeanutButter,source/TestUtils/PeanutButter.TestUtils.AspNetCore/Fakes/FakeQueryCollection.cs,986c4b4038d0de92ae9d86496c9963cf7ec54f58,true,false
fluffynuts/PeanutButter,source/Utils/PeanutButter.Utils/Dictionaries/DefaultDictionary.cs,986c4b4038d0de92ae9d86496c9963cf7ec54f58,true,false
funfair-tech/CoinBot,src/CoinBot.Discord/DiscordBot.cs,196c39ddcb7bb56388d6bcaa74c5d8df7dd26861,true,false
gimlichael/Cuemon,src/Cuemon.AspNetCore.Mvc/Filters/Diagnostics/ServerTimingFilter.cs,270087063a06b68bbee5c5189c3c09e483d361b5,true,false
gimlichael/Cuemon,src/Cuemon.Extensions.Text.Json/Formatters/JsonFormatter.cs,db29870d58b49167f591e8f2df7164b89316b2ea,true,false
googleads/googleads-mobile-unity,source/plugin/Assets/GoogleMobileAds/Api/Core/AdSize.cs,02b16d764607d3f62d97b9fee296d6c414ab6139,false,true
googleads/googleads-mobile-unity,source/android-library/app/src/main/java/com/google/unity/ads/UnityAppOpenAd.java,ad97a35189de984712daad65cc5532fe1e98cbf8,true,false
googleapis/gapic-generator-csharp,Google.Api.Generator.Utils/Formatting/XmlDocSplitter.cs,0c1e8f89acbe519d5bfe5a15da3b0051c51e17e6,true,false
googleapis/gapic-generator-csharp,Google.Api.Generator/Program.cs,d0687d08a39107ac21b2f249e1763e5adc371b34,true,true
googleapis/gax-dotnet,Google.Api.Gax.Grpc/Rest/RestMethod.cs,8a1acd0a8288ddd43e9c11c43d851827e3cf3e15,true,false
googleapis/gax-dotnet,Google.Api.Gax.Grpc/Rest/RestServiceCollection.cs,ad85deff827a79ec480e3469ec3df24a94ce3413,true,false
googleapis/google-cloud-dotnet,owl-bot-post-processor/main.sh,a7f64171371f1b6ffe3bca1767227a5297ddefe8,true,false
googleprojectzero/sandbox-attacksurface-analysis-tools,NtObjectManager/Provider/NtObjectManagerProvider.cs,22635e2d7b224159400f55f017a7f4bf975b813c,true,false
googleprojectzero/sandbox-attacksurface-analysis-tools,NtObjectManager/Win32DebugFunctions.ps1,22635e2d7b224159400f55f017a7f4bf975b813c,true,false
googleprojectzero/sandbox-attacksurface-analysis-tools,NtApiDotNet/Win32/Rpc/Transport/RpcFaultException.cs,27e776dd333c6b31430fb364544f15d7a7039ce7,true,false
googleprojectzero/sandbox-attacksurface-analysis-tools,NtApiDotNet/Ndr/NdrUnionTypes.cs,f0c71825d6f34bdd01d15513180df8bd5dc4d30c,true,false
googlestadia/vsi-lldb,SymbolStores.Tests/SymbolPathParserTests.cs,b222d5f945acebce6cfdfd1149f2da0bea6b31d5,true,false
graphql-dotnet/graphql-dotnet,src/GraphQL.Tests/Validation/InputFieldsAndArgumentsOfCorrectLengthRequiredTests.cs,19d0fa1717cad7f23aa4377ce795e15cc9eed77a,true,false
graphql-dotnet/graphql-dotnet,src/GraphQL.Tests/Validation/ValidationSchema.cs,19d0fa1717cad7f23aa4377ce795e15cc9eed77a,true,false
graphql-dotnet/graphql-dotnet,src/GraphQL/Validation/Rules.Custom/InputFieldsAndArgumentsOfCorrectLength.cs,19d0fa1717cad7f23aa4377ce795e15cc9eed77a,true,false
graphql-dotnet/graphql-dotnet,src/GraphQL.Tests/Bugs/BubbleUpTheNullToNextNullable.cs,c458360308a26e0a977cf7248fded17584b3c928,true,false
graphql-dotnet/graphql-dotnet,src/GraphQL.Tests/Types/NonNullGraphTypeTests.cs,c458360308a26e0a977cf7248fded17584b3c928,true,false
graphql-dotnet/graphql-dotnet,src/GraphQL/Extensions/AuthorizationExtensions.cs,e7dbf99591874d14a1e7ee7d172b18259d6ce57d,true,false
ivan-ristovic/the-godfather,TheGodfather/Modules/Reactions/EmojiReactionsModule.cs,11173ab5a892380151f75d3afd9db4a925f11231,true,false
jstedfast/MimeKit,MimeKit/Utils/ParseUtils.cs,436e0b44f0a5bcb4e12a2d692a05a28f7b4c7364,true,false
jstedfast/MimeKit,MimeKit/MessageDeliveryStatus.cs,7827d384d53779a899ebd12b75046336b89b11c3,true,false
jstedfast/MimeKit,MimeKit/Multipart.cs,97bc5ca92551de865bec8fc6619dfd160fd97f56,true,false
jstedfast/MimeKit,Benchmarks/BenchmarkHelper.cs,a63a5a98ba242a7526dc017abd53e9a8dcfbc042,true,false
jstedfast/MimeKit,MimeKit/IO/Filters/BestEncodingFilter.cs,b21d953f421be6643af66463cc1d5a5466818b2c,false,true
jstedfast/MimeKit,MimeKit/Utils/StringBuilderExtensions.cs,b24906205bd06052a0e09d4c4bca5154d8bc2d38,false,true
khellang/Middleware,samples/ProblemDetails.MinimalApiSample/Program.cs,5d5257ef54d82c902dbf087486365032d4804aac,false,true
kubernetes-client/csharp,src/KubernetesClient/CertUtils.cs,8dd8a1eb6a8ec22f5ae42648780e8a831b7524e1,false,true
lucas-miranda/Raccoon,Raccoon/Util/Tween/Tween.cs,46b463640ebc30bf6a34fe6cd211ed572662c5be,true,false
lucas-miranda/Raccoon,Raccoon/Core/Debug/Console.cs,8754974f930907007afcea27be623eaacb1b199b,true,false
lucas-miranda/Raccoon,Raccoon/Logger/Listeners/StdOutputLoggerListener.cs,98b8e7d11fb3d59a5630abaede888a64366bb43e,true,false
mRemoteNG/mRemoteNG,mRemoteNG/Config/Import/RemoteDesktopManagerImporter.cs,161e0ed637c1743267af9445119bec91d42632e7,true,false
meziantou/Meziantou.Framework,src/Meziantou.Framework.FullPath/FullPath.cs,bdaef1408862bf7a499925900e7c2745d273ba74,false,true
mganss/XmlSchemaClassGenerator,XmlSchemaClassGenerator.Tests/xsd/simple/ng.xsd,544994fe5ecb6b264420dd8f099a39a0abac7ded,true,false
microting/eform-sdk-dotnet,eFormCore/Infrastructure/SqlController.cs,f6987d93b411a2c3f8607ffb8bdc15265fd34c29,true,false
mono/SkiaSharp,source/SkiaSharp.Views/SkiaSharp.Views.Apple/AppleExtensions.cs,193b587552cb0ed39372a049d7e6c692db98c267,true,false
mono/SkiaSharp,tests/SkiaSharp.iOS.Tests/iOSExtensionsTests.cs,193b587552cb0ed39372a049d7e6c692db98c267,true,false
mysql-net/MySqlConnector,docs/content/api/MySqlConnector/MySqlBulkCopyColumnMapping/MySqlBulkCopyColumnMapping.md,eb16b3d849411a21d958d74d4ba82c23b05f1a59,true,false
mysql-net/MySqlConnector,docs/content/api/MySqlConnector/MySqlBulkCopyColumnMapping/SourceOrdinal.md,eb16b3d849411a21d958d74d4ba82c23b05f1a59,true,false
mysql-net/MySqlConnector,src/MySqlConnector/MySqlBulkCopyColumnMapping.cs,eb16b3d849411a21d958d74d4ba82c23b05f1a59,true,false
nanoframework/nf-Visual-Studio-extension,vs-extension.shared/ToolWindow.DeviceExplorer/DeviceExplorerCommand.cs,f31eb960ff19a4edaefc294408dbfda6c789117f,true,false
nanoframework/nf-debugger,.gitignore,bd7bd270e4655e95ae49b7f7b9beb53c6962abb3,false,true
nanoframework/nf-debugger,USB Test App WPF/App.config,bd7bd270e4655e95ae49b7f7b9beb53c6962abb3,false,true
nanoframework/nf-debugger,nanoFramework.Tools.DebugLibrary.Net/Properties/AssemblyInfo.cs,bd7bd270e4655e95ae49b7f7b9beb53c6962abb3,false,true
nanoframework/nf-debugger,nanoFramework.Tools.DebugLibrary.Net/app.config,bd7bd270e4655e95ae49b7f7b9beb53c6962abb3,false,true
nanoframework/nf-debugger,nanoFramework.Tools.DebugLibrary.Net/nanoFramework.Tools.DebugLibrary.Net.csproj,bd7bd270e4655e95ae49b7f7b9beb53c6962abb3,false,true
nanoframework/nf-debugger,nanoFramework.Tools.DebugLibrary.Net/packages.lock.json,bd7bd270e4655e95ae49b7f7b9beb53c6962abb3,false,true
nanoframework/nf-debugger,nanoFramework.Tools.Debugger.sln,bd7bd270e4655e95ae49b7f7b9beb53c6962abb3,false,true
nanoframework/nf-debugger,version.json,bd7bd270e4655e95ae49b7f7b9beb53c6962abb3,false,true
neo4j/neo4j-dotnet-driver,Neo4j.Driver/Neo4j.Driver.Tests.Integration/Internals/Cluster/CausalCluster.cs,49bc567d9697e720dec0ad44118a59113bbbe145,true,false
neo4j/neo4j-dotnet-driver,Neo4j.Driver/Neo4j.Driver.Tests.Integration/Stress/CausalClusterStressTests.cs,49bc567d9697e720dec0ad44118a59113bbbe145,true,false
nhibernate/nhibernate-core,src/NHibernate/Engine/TableGroupJoinHelper.cs,179369950388691b04041831752f8d055e7164ce,true,false
nhibernate/nhibernate-core,src/NHibernate/Linq/GroupJoin/GroupJoinAggregateDetectionVisitor.cs,67dcb7e15df7fad386a6292de0785366206e9b8e,true,false
nhibernate/nhibernate-core,src/NHibernate/Hql/Ast/ANTLR/SqlGenerator.cs,8e27ffd7e8fabd2e590fde437c8b6644393a2709,false,true
nhibernate/nhibernate-core,src/NHibernate.Test/Criteria/Lambda/ExpressionProcessorFindValueFixture.cs,c954e6bc3dbb6934bb8bc0f0b4f4b42ac2f2ea38,true,false
nhibernate/nhibernate-core,src/NHibernate/Impl/ExpressionProcessor.cs,c954e6bc3dbb6934bb8bc0f0b4f4b42ac2f2ea38,true,false
nhibernate/nhibernate-core,src/NHibernate.Test/Async/NHSpecificTest/GH2717/DiscriminatorStringTypeByCodeFixture.cs,ca2aa475b1cc806d86219da2504bc155ec4b6a3c,true,false
nhibernate/nhibernate-core,src/NHibernate.Test/NHSpecificTest/GH2717/DiscriminatorStringTypeByCodeFixture.cs,ca2aa475b1cc806d86219da2504bc155ec4b6a3c,true,false
nhibernate/nhibernate-core,src/NHibernate.Test/NHSpecificTest/GH2717/Entity.cs,ca2aa475b1cc806d86219da2504bc155ec4b6a3c,true,false
nhibernate/nhibernate-core,src/NHibernate/Mapping/ByCode/Impl/DiscriminatorMapper.cs,ca2aa475b1cc806d86219da2504bc155ec4b6a3c,true,false
nunit/nunit,src/NUnitFramework/framework/Interfaces/TNode.cs,019cce08489473cbc9858e622ae66eaa97106092,true,false
nunit/nunit,src/NUnitFramework/tests/Interfaces/TestOutputTests.cs,019cce08489473cbc9858e622ae66eaa97106092,true,false
oleg-shilo/wixsharp,Source/src/WixSharp.Samples/Support/testpad/Files/App.ico,1216efc672bf39b956aac32c27ce5dce9aeea4b5,true,false
oleg-shilo/wixsharp,Source/src/WixSharp.Samples/Support/testpad/Files/bin/MyApp.exe,1216efc672bf39b956aac32c27ce5dce9aeea4b5,true,false
oleg-shilo/wixsharp,Source/src/WixSharp.Samples/Support/testpad/Files/bin/readme.txt,1216efc672bf39b956aac32c27ce5dce9aeea4b5,true,false
oleg-shilo/wixsharp,Source/src/WixSharp/LaunchApplicationFromExitDialog.cs,1216efc672bf39b956aac32c27ce5dce9aeea4b5,true,false
oleg-shilo/wixsharp,Source/NuGet/WixSharp/WixSharp.WPF.nuspec,1b4706018034671db6d1402f075da363df71c969,true,false
oleg-shilo/wixsharp,Source/NuGet/WixSharp/WixSharp.bin.nuspec,1b4706018034671db6d1402f075da363df71c969,true,false
oleg-shilo/wixsharp,Source/NuGet/WixSharp/WixSharp.lab.nuspec,1b4706018034671db6d1402f075da363df71c969,true,false
oleg-shilo/wixsharp,Source/NuGet/WixSharp/WixSharp.nuspec,1b4706018034671db6d1402f075da363df71c969,true,false
oleg-shilo/wixsharp,Source/src/WixSharp/Properties/AssemblyInfo.version.cs,1b4706018034671db6d1402f075da363df71c969,true,false
open-telemetry/opentelemetry-dotnet,test/OpenTelemetry.Tests/Instrumentation/PropertyFetcherTest.cs,4310e08afdd3a6d2533836c3d71a6f56cf3148ef,true,false
open-telemetry/opentelemetry-dotnet,test/TestApp.AspNetCore/Controllers/ErrorController.cs,4310e08afdd3a6d2533836c3d71a6f56cf3148ef,true,false
open-telemetry/opentelemetry-dotnet,test/TestApp.AspNetCore/Filters/ExceptionFilter1.cs,4310e08afdd3a6d2533836c3d71a6f56cf3148ef,true,false
open-telemetry/opentelemetry-dotnet,test/TestApp.AspNetCore/Filters/ExceptionFilter2.cs,4310e08afdd3a6d2533836c3d71a6f56cf3148ef,true,false
open-telemetry/opentelemetry-dotnet,test/OpenTelemetry.Tests/Shared/EventSourceTestHelper.cs,78e38423d7b8cf04447a94e5c4bcea383515fabb,false,true
open-telemetry/opentelemetry-dotnet,src/OpenTelemetry/Metrics/BaseExportingMetricReader.cs,988a27be05a7945d887cb69fceac5abdb9b01844,false,true
open-telemetry/opentelemetry-dotnet,src/OpenTelemetry.Exporter.Console/ConsoleActivityExporter.cs,f45206ba0e9f2251807c3173b9085d7c588205f0,true,false
peachpiecompiler/peachpie,src/Peachpie.Runtime/Collections/ValueList`1.cs,081c2246bd58af13862f6bf10a5c07f89dd30e19,true,false
peachpiecompiler/peachpie,src/PDO/Peachpie.Library.PDO/PDOEngine.cs,24389b3e9357fda12c3c04728a70125ba48cd8ca,true,false
peachpiecompiler/peachpie,src/Peachpie.Library/iconv.cs,25d3077774578f458a126192c0ef95a51780e0fd,false,true
peachpiecompiler/peachpie,src/Peachpie.Runtime/PhpNumber.cs,309ae8c5bba708b6e6e146f26610734e765f4669,true,false
peachpiecompiler/peachpie,src/PDO/Peachpie.Library.PDO/PDODriver.cs,6dc7d2d986899e4536dd77be3ca58ed149bc2fda,true,false
peachpiecompiler/peachpie,src/Peachpie.Runtime/std/Attribute.cs,81a1df7bfe58a8f917d9e5abcb6410309f53d905,true,false
peachpiecompiler/peachpie,src/Peachpie.CodeAnalysis/CodeGen/CodeGenerator.Emit.cs,c565c02ed78ad52bb7f8985dea322847e83bba9b,true,false
peasy/Peasy.NET,LICENSE.txt,b369e268c194a84d97b6761c318268453a210fc0,true,false
peasy/Peasy.NET,src/Peasy.Tests/Attributes/PeasyRequiredAttributeTests.cs,b369e268c194a84d97b6761c318268453a210fc0,true,false
peasy/Peasy.NET,src/Peasy.Tests/Peasy.Tests.csproj,b369e268c194a84d97b6761c318268453a210fc0,true,false
peasy/Peasy.NET,src/Peasy/Attributes/PeasyRequiredAttribute.cs,b369e268c194a84d97b6761c318268453a210fc0,true,false
peasy/Peasy.NET,src/Peasy/Peasy.csproj,b369e268c194a84d97b6761c318268453a210fc0,true,false
peasy/Peasy.NET,src/Peasy/Peasy.nuspec,b369e268c194a84d97b6761c318268453a210fc0,true,false
sebastienros/fluid,Fluid.Tests/ForStatementTests.cs,e1205a3c072b33bd58497544d86b41b6447bc945,true,false
sebastienros/fluid,Fluid/Ast/ForStatement.cs,e1205a3c072b33bd58497544d86b41b6447bc945,true,false
sebastienros/jint,Jint.Tests.PublicInterface/Jint.Tests.PublicInterface.csproj,49ed39376c49dba0d57979637e858ca8a01b809c,false,true
sebastienros/jint,Jint.Tests.PublicInterface/PublicInterfaceTests.cs,49ed39376c49dba0d57979637e858ca8a01b809c,false,true
sebastienros/jint,Jint/Native/Function/BindFunctionInstance.cs,49ed39376c49dba0d57979637e858ca8a01b809c,false,true
sebastienros/jint,Jint.Tests/Runtime/MethodAmbiguityTests.cs,7f80dc894d5f172affff52e7d7fb8e2e7c6e2326,true,false
sebastienros/jint,Jint/Runtime/TypeConverter.cs,7f80dc894d5f172affff52e7d7fb8e2e7c6e2326,true,false
sebastienros/jint,Jint.Tests/Runtime/RegExpTests.cs,82077b2cbb0a8ccb6641e88d40b1cfd5b1d781ea,true,false
sebastienros/jint,Jint/Native/Iterator/IteratorInstance.cs,82077b2cbb0a8ccb6641e88d40b1cfd5b1d781ea,true,false
secana/PeNet,src/PeNet/FileParser/StreamFile.cs,356b4ac4db1fa6eede84aa780deef37efc543f23,true,false
sillsdev/libpalaso,SIL.Lexicon.Tests/UserLexiconSettingsWritingSystemDataMapperTests.cs,5802fd1c34d868529f74d0745ebb45b2a9006fef,true,false
sillsdev/libpalaso,SIL.Lexicon/UserLexiconSettingsWritingSystemDataMapper.cs,5802fd1c34d868529f74d0745ebb45b2a9006fef,true,false
skybrud/Skybrud.Essentials,src/Skybrud.Essentials/Security/SecurityUtils.cs,e9e0ecbe0711ff03b2ed78d33fe5e7621d2e8ddc,false,true
space-wizards/space-station-14,Resources/Prototypes/Entities/Objects/Weapons/Guns/Ammunition/Cartridges/shotgun.yml,2141a31c8a7c0c4d10f8d71216d7301ccdcd234f,true,false
space-wizards/space-station-14,Content.Client/Pinpointer/ClientPinpointerSystem.cs,2e69139cfd8b2b1e054547abb5c7a48f97961a32,true,false
space-wizards/space-station-14,Content.IntegrationTests/Tests/GameRules/SecretStartsTest.cs,3e409528ce945ceab226f28bac109b5083f9b9f9,true,false
space-wizards/space-station-14,Content.Server/GameTicking/Rules/SecretRuleSystem.cs,3e409528ce945ceab226f28bac109b5083f9b9f9,true,false
space-wizards/space-station-14,Content.Server/Guardian/GuardianSystem.cs,685b82e14e5755703ae41c37ffabc3cc1005e9b8,true,false
space-wizards/space-station-14,Content.Server/Hands/Systems/HandsSystem.cs,880fb3671427ea791019b015e4a3dd696478ce99,true,false
space-wizards/space-station-14,Content.Server/Wires/WiresSystem.cs,98a9196dd48c758b7d058010e08e4b033ab5c4dd,true,false
space-wizards/space-station-14,Content.Client/Administration/UI/Tabs/ObjectsTab/ObjectsTab.xaml.cs,9ba869c74409dcb0d2a60a29de5b89709b8b8d6c,true,false
space-wizards/space-station-14,Content.Client/Eui/EuiManager.cs,9d2a76e2d4cb251c434171b5552eafd3b3f31b92,true,true
space-wizards/space-station-14,Content.Client/Vehicle/VehicleSystem.cs,c471aca2af87bd8e4df62ef6bfeb1840a585ab81,true,false
space-wizards/space-station-14,Content.Shared/Containers/ItemSlot/ItemSlotsSystem.cs,cd29f475b98bc7411ef7edf677f4b9ea689cbb02,true,false
space-wizards/space-station-14,Content.Server/Administration/Systems/AdminTestArenaSystem.cs,d320ad950b147a29cfe78d7e37f9ddd7078af515,true,false
space-wizards/space-station-14,Content.Server/Vehicle/VehicleSystem.cs,dd178ef3f513738bb916d9484a16a6b6a35e33ff,true,false
space-wizards/space-station-14,Content.Server/Construction/ConstructionSystem.Graph.cs,f492442337f4de4c00c7938e06b172bbafd31fdb,true,false
space-wizards/space-station-14,Content.Client/Projectiles/ProjectileSystem.cs,f4bbe7aea6af0dacbc7322e86f8990e0a931736c,true,false
space-wizards/space-station-14,Content.Client/SubFloor/SubFloorHideSystem.cs,f78d7099332fba3337fde56a2ece9cd074263d40,true,false
space-wizards/space-station-14,Content.Server/Objectives/Requirements/NotRoleRequirement.cs,fdba7475419c8858108dae5c4889339121110d00,true,false
stakira/OpenUtau,OpenUtau.Test/Files/ja_vcv/C_A3/oto.ini,8983c6422c2ca91e89e9bebf45082cadfc917dcd,true,false
stakira/OpenUtau,OpenUtau.Test/Files/ja_vcv/C_C5/oto.ini,8983c6422c2ca91e89e9bebf45082cadfc917dcd,true,false
stakira/OpenUtau,OpenUtau.Test/Files/ja_vcv/C_D4/oto.ini,8983c6422c2ca91e89e9bebf45082cadfc917dcd,true,false
stakira/OpenUtau,OpenUtau.Test/Files/ja_vcv/C_G4/oto.ini,8983c6422c2ca91e89e9bebf45082cadfc917dcd,true,false
stakira/OpenUtau,OpenUtau.Test/Files/ja_vcv/N_A3/oto.ini,8983c6422c2ca91e89e9bebf45082cadfc917dcd,true,false
stakira/OpenUtau,OpenUtau.Test/Files/ja_vcv/N_C5/oto.ini,8983c6422c2ca91e89e9bebf45082cadfc917dcd,true,false
stakira/OpenUtau,OpenUtau.Test/Files/ja_vcv/N_D4/oto.ini,8983c6422c2ca91e89e9bebf45082cadfc917dcd,true,false
stakira/OpenUtau,OpenUtau.Test/Files/ja_vcv/N_G4/oto.ini,8983c6422c2ca91e89e9bebf45082cadfc917dcd,true,false
stakira/OpenUtau,OpenUtau.Test/Files/ja_vcv/W_A3/oto.ini,8983c6422c2ca91e89e9bebf45082cadfc917dcd,true,false
stakira/OpenUtau,OpenUtau.Test/Files/ja_vcv/W_D4/oto.ini,8983c6422c2ca91e89e9bebf45082cadfc917dcd,true,false
stakira/OpenUtau,OpenUtau.Test/Files/ja_vcv/W_G4/oto.ini,8983c6422c2ca91e89e9bebf45082cadfc917dcd,true,false
stakira/OpenUtau,OpenUtau.Test/Files/ja_vcv/character.txt,8983c6422c2ca91e89e9bebf45082cadfc917dcd,true,false
stakira/OpenUtau,OpenUtau.Test/Files/ja_vcv/character.yaml,8983c6422c2ca91e89e9bebf45082cadfc917dcd,true,false
stakira/OpenUtau,OpenUtau.Test/Plugins/JaVcvTest.cs,8983c6422c2ca91e89e9bebf45082cadfc917dcd,true,false
vchelaru/Gum,SkiaGum.sln,5d5096821bc69a0122d9e811d5fdbfbfc1f755ba,true,false
vchelaru/Gum,WpfDataUi/IDataUiExtensionMethods.cs,8ad43ea188bdfc9735a1018f23c184abbe5e0b9d,true,true
